LSOA11CD,LSOA11NM,percent_welsh_speakers
W01000461,Powys 001A,34.1
W01000362,Wrexham 006C,15.8
W01000299,Flintshire 019A,15.4
W01000708,Carmarthenshire 025E,22.8
W01000789,Swansea 016E,4.7
W01000709,Carmarthenshire 004D,48.2
W01000788,Swansea 016D,6.1
W01000695,Carmarthenshire 012B,56.4
W01000614,Pembrokeshire 008D,8.7
W01000617,Pembrokeshire 002F,36.4
W01000696,Carmarthenshire 012C,61.1
W01000697,Carmarthenshire 015A,67.8
W01000615,Pembrokeshire 011E,10.1
W01000694,Carmarthenshire 008D,45.9
W01000250,Flintshire 014B,15.3
W01001313,Merthyr Tydfil 006F,9.5
W01000680,Carmarthenshire 011A,57.1
W01001176,Rhondda Cynon Taf 013A,11.5
W01001896,Cardiff 020E,17.6
W01001005,Bridgend 009B,11.8
W01001509,Torfaen 013D,10.2
W01001277,Rhondda Cynon Taf 028D,11.5
W01001585,Monmouthshire 007C,7.2
W01001787,Cardiff 023C,9.0
W01001375,Caerphilly 001B,13.7
W01001372,Caerphilly 022B,14.5
W01001377,Caerphilly 013A,12.8
W01001374,Caerphilly 001A,8.5
W01001098,The Vale of Glamorgan 010B,9.0
W01001376,Caerphilly 001C,9.6
W01001099,The Vale of Glamorgan 013D,11.2
W01001019,Bridgend 005D,13.2
W01001373,Caerphilly 022C,14.8
W01001370,Caerphilly 023A,12.7
W01001415,Caerphilly 008B,12.1
W01001143,Rhondda Cynon Taf 012A,9.9
W01001144,Rhondda Cynon Taf 012B,7.2
W01001245,Rhondda Cynon Taf 025C,16.2
W01001145,Rhondda Cynon Taf 012C,8.0
W01001146,Rhondda Cynon Taf 012D,11.2
W01001147,Rhondda Cynon Taf 004A,12.7
W01001244,Rhondda Cynon Taf 025B,13.2
W01001684,Newport 006E,9.6
W01000111,Gwynedd 007C,80.6
W01001462,Blaenau Gwent 006A,8.1
W01001449,Blaenau Gwent 002D,6.8
W01000998,Bridgend 011A,7.5
W01000919,Neath Port Talbot 020A,58.8
W01000918,Neath Port Talbot 002A,25.1
W01000550,Ceredigion 011G,66.9
W01000551,Ceredigion 010E,50.9
W01000727,Carmarthenshire 019E,28.7
W01000726,Carmarthenshire 019D,36.1
W01001618,Newport 003B,7.3
W01001699,Cardiff 049A,6.0
W01000724,Carmarthenshire 011C,54.1
W01001882,Cardiff 011C,10.5
W01001803,Cardiff 015A,6.5
W01001883,Cardiff 016C,8.7
W01001802,Cardiff 007A,5.5
W01001805,Cardiff 015C,7.9
W01001884,Cardiff 013D,7.2
W01001804,Cardiff 015B,7.7
W01001706,Cardiff 041B,7.3
W01001786,Cardiff 023B,14.7
W01001297,Merthyr Tydfil 002C,8.5
W01000644,Carmarthenshire 006B,38.8
W01000645,Carmarthenshire 006C,41.1
W01000456,Powys 013C,11.4
W01000457,Powys 002B,10.8
W01000266,Flintshire 017E,10.7
W01000627,Carmarthenshire 013C,53.4
W01000626,Carmarthenshire 013B,51.0
W01000230,Denbighshire 017F,17.2
W01001476,Blaenau Gwent 009D,7.5
W01000624,Carmarthenshire 005A,55.7
W01001477,Blaenau Gwent 009E,6.8
W01001770,Cardiff 018B,11.4
W01000361,Wrexham 019E,10.1
W01000150,Conwy 005B,12.6
W01001621,Newport 003E,7.7
W01001391,Caerphilly 006F,9.7
W01001175,Rhondda Cynon Taf 009A,13.0
W01000686,Carmarthenshire 001B,58.2
W01000753,Swansea 002D,20.1
W01001819,Cardiff 014D,16.0
W01001814,Cardiff 017E,9.0
W01001083,The Vale of Glamorgan 002B,13.4
W01000742,Swansea 016A,4.9
W01000991,Bridgend 001A,8.0
W01000910,Neath Port Talbot 009B,8.7
W01000992,Bridgend 001B,8.0
W01000913,Neath Port Talbot 010B,10.5
W01000554,Pembrokeshire 009A,12.0
W01000557,Pembrokeshire 014A,12.1
W01000990,Bridgend 017B,9.3
W01000555,Pembrokeshire 008A,16.5
W01000937,Neath Port Talbot 013E,8.6
W01000934,Neath Port Talbot 008A,8.2
W01000936,Neath Port Talbot 012A,6.9
W01000935,Neath Port Talbot 008B,8.5
W01000932,Neath Port Talbot 019A,6.4
W01001191,Rhondda Cynon Taf 031A,16.8
W01001111,The Vale of Glamorgan 011E,8.5
W01001192,Rhondda Cynon Taf 031B,10.9
W01001110,The Vale of Glamorgan 011D,11.1
W01001193,Rhondda Cynon Taf 030A,16.7
W01001113,The Vale of Glamorgan 003A,12.6
W01001194,Rhondda Cynon Taf 030B,18.2
W01001112,The Vale of Glamorgan 011F,12.4
W01001190,Rhondda Cynon Taf 029D,13.6
W01001118,The Vale of Glamorgan 014C,10.8
W01000577,Pembrokeshire 007A,22.8
W01000630,Carmarthenshire 024C,25.1
W01000572,Pembrokeshire 005D,16.1
W01000211,Denbighshire 012D,50.0
W01000290,Flintshire 004B,10.0
W01000155,Conwy 004A,18.1
W01001693,Newport 013E,7.2
W01001612,Newport 011B,9.7
W01001615,Newport 005B,13.0
W01001694,Cardiff 036A,7.6
W01001614,Newport 005A,8.7
W01001695,Cardiff 036B,7.8
W01001602,Newport 012B,9.9
W01000198,Denbighshire 011B,26.5
W01001571,Monmouthshire 001D,11.3
W01000958,Neath Port Talbot 016B,7.3
W01000458,Powys 002C,11.1
W01000459,Powys 014D,13.9
W01000731,Carmarthenshire 017C,47.1
W01001523,Torfaen 004C,9.6
W01000960,Neath Port Talbot 017F,7.0
W01000968,Neath Port Talbot 019D,9.1
W01000718,Carmarthenshire 010D,71.8
W01000137,Conwy 015C,54.3
W01001453,Blaenau Gwent 008D,7.8
W01001452,Blaenau Gwent 007C,9.3
W01001450,Blaenau Gwent 007A,6.5
W01001553,Monmouthshire 004B,11.8
W01001552,Monmouthshire 004A,8.5
W01001740,Cardiff 039D,9.0
W01001743,Cardiff 043B,10.0
W01001506,Torfaen 010A,8.1
W01000320,Flintshire 002B,18.2
W01000194,Denbighshire 011A,31.3
W01000679,Carmarthenshire 002D,42.0
W01000678,Carmarthenshire 002C,38.8
W01000790,Swansea 016F,4.9
W01000671,Carmarthenshire 018B,45.3
W01000711,Carmarthenshire 021E,26.8
W01000670,Carmarthenshire 018A,43.3
W01001657,Newport 020C,9.7
W01001490,Torfaen 001D,9.9
W01000769,Swansea 020B,8.6
W01000768,Swansea 020A,7.1
W01000583,Pembrokeshire 004B,51.3
W01001849,Cardiff 004A,13.9
W01001848,Cardiff 012B,14.5
W01000464,Powys 011D,8.0
W01001678,Newport 005D,9.7
W01001679,Newport 007D,10.5
W01000575,Pembrokeshire 008C,11.4
W01000574,Pembrokeshire 015A,11.2
W01000633,Carmarthenshire 021B,28.9
W01000407,Wrexham 016C,12.4
W01000486,Powys 011G,11.1
W01000487,Powys 012E,11.8
W01000406,Wrexham 013C,19.6
W01000314,Flintshire 016B,16.7
W01000395,Wrexham 016B,8.1
W01000317,Flintshire 016E,32.5
W01000396,Wrexham 020H,9.6
W01000397,Wrexham 020I,11.4
W01000316,Flintshire 016D,28.6
W01000028,Isle of Anglesey 001D,69.9
W01000029,Isle of Anglesey 003C,45.3
W01000315,Flintshire 016C,17.7
W01000394,Wrexham 016A,11.4
W01001271,Rhondda Cynon Taf 010C,12.6
W01001581,Monmouthshire 005E,11.1
W01001680,Newport 007E,11.0
W01000071,Gwynedd 003B,73.7
W01001354,Caerphilly 014D,10.2
W01001355,Caerphilly 015A,7.9
W01001356,Caerphilly 006A,11.8
W01001357,Caerphilly 006B,10.0
W01001068,The Vale of Glamorgan 009B,10.3
W01001069,The Vale of Glamorgan 012C,12.0
W01001060,The Vale of Glamorgan 015B,14.5
W01001061,The Vale of Glamorgan 015C,11.7
W01001352,Caerphilly 007A,9.6
W01001353,Caerphilly 007B,8.6
W01000739,Swansea 014B,7.9
W01001249,Rhondda Cynon Taf 024A,11.2
W01001248,Rhondda Cynon Taf 016D,9.6
W01000737,Swansea 028B,8.4
W01000546,Ceredigion 009F,49.3
W01001412,Caerphilly 017B,7.9
W01000345,Wrexham 018A,8.5
W01000239,Denbighshire 004D,12.9
W01001246,Rhondda Cynon Taf 025D,13.9
W01000080,Gwynedd 014C,49.3
W01001397,Caerphilly 019E,15.4
W01001361,Caerphilly 002B,9.9
W01001151,Rhondda Cynon Taf 003C,11.9
W01000349,Wrexham 011A,13.1
W01001650,Newport 004E,13.3
W01001653,Newport 002C,8.8
W01001823,Cardiff 029B,16.0
W01001822,Cardiff 029A,13.2
W01001824,Cardiff 029C,12.8
W01001825,Cardiff 029D,11.4
W01001820,Cardiff 006A,23.4
W01000234,Denbighshire 017G,12.3
W01000460,Powys 006B,36.0
W01001775,Cardiff 021B,8.7
W01000667,Carmarthenshire 023C,32.5
W01000666,Carmarthenshire 017B,44.5
W01000367,Wrexham 014B,10.7
W01001905,Powys 018H,11.4
W01000664,Carmarthenshire 016C,60.2
W01000156,Conwy 004B,15.8
W01000484,Powys 011E,6.8
W01001622,Newport 003F,8.6
W01000405,Wrexham 015B,26.6
W01000485,Powys 011F,8.0
W01000404,Wrexham 018D,9.8
W01000483,Powys 009C,15.3
W01000402,Wrexham 011D,10.6
W01000873,Swansea 026C,9.4
W01000875,Swansea 026D,10.4
W01000872,Swansea 024E,15.9
W01000877,Swansea 007E,17.3
W01000874,Swansea 024F,10.3
W01000876,Swansea 026E,9.2
W01001394,Caerphilly 023B,11.3
W01000606,Pembrokeshire 015B,10.2
W01001816,Cardiff 009B,9.0
W01001086,The Vale of Glamorgan 006A,11.9
W01001667,Newport 010C,8.0
W01001666,Newport 010B,8.2
W01001664,Newport 010A,6.2
W01000692,Carmarthenshire 019C,38.4
W01000613,Pembrokeshire 001E,46.1
W01000693,Carmarthenshire 008C,50.5
W01000612,Pembrokeshire 003C,29.0
W01000610,Pembrokeshire 016A,12.4
W01001508,Torfaen 013C,8.5
W01001253,Rhondda Cynon Taf 023C,7.4
W01001604,Newport 012D,9.3
W01000191,Denbighshire 009A,17.9
W01000973,Neath Port Talbot 020F,47.3
W01001911,The Vale of Glamorgan 012H,10.2
W01001910,The Vale of Glamorgan 012G,9.9
W01001727,Cardiff 014A,22.9
W01001726,Cardiff 028E,11.8
W01001937,Ceredigion 001F,40.6
W01001934,Ceredigion 002F,23.1
W01001936,Ceredigion 003F,24.4
W01001724,Cardiff 032C,11.0
W01001935,Ceredigion 003E,39.2
W01001416,Caerphilly 008C,10.0
W01001932,Gwynedd 014E,74.7
W01001958,Swansea 025H,8.3
W01000941,Neath Port Talbot 012B,9.3
W01000940,Neath Port Talbot 008E,8.0
W01000942,Neath Port Talbot 012C,7.3
W01000943,Neath Port Talbot 012D,11.3
W01000597,Pembrokeshire 002E,42.8
W01000853,Swansea 022A,10.3
W01000855,Swansea 022C,10.9
W01000852,Swansea 021D,7.2
W01000857,Swansea 022E,9.3
W01000854,Swansea 022B,10.8
W01000850,Swansea 021B,6.5
W01001928,Conwy 010H,10.3
W01000841,Swansea 005C,12.5
W01001927,Conwy 010G,12.6
W01000132,Conwy 001A,17.9
W01000568,Pembrokeshire 005A,15.6
W01000569,Pembrokeshire 005B,12.7
W01000561,Pembrokeshire 001D,58.3
W01001518,Torfaen 006E,7.4
W01001309,Merthyr Tydfil 008E,6.4
W01001388,Caerphilly 007D,12.2
W01001308,Merthyr Tydfil 008D,5.7
W01001389,Caerphilly 007E,12.7
W01001301,Merthyr Tydfil 008C,7.2
W01001380,Caerphilly 010A,10.2
W01001300,Merthyr Tydfil 008B,5.4
W01001381,Caerphilly 010B,7.5
W01001232,Rhondda Cynon Taf 020D,11.1
W01001234,Rhondda Cynon Taf 021E,14.0
W01001235,Rhondda Cynon Taf 021F,11.4
W01001237,Rhondda Cynon Taf 022B,7.8
W01000961,Neath Port Talbot 016C,8.0
W01000097,Gwynedd 003D,79.3
W01000017,Isle of Anglesey 003B,42.9
W01000129,Conwy 012B,27.3
W01000016,Isle of Anglesey 003A,39.1
W01000121,Conwy 015A,50.3
W01000128,Conwy 009C,20.1
W01000122,Conwy 014A,45.4
W01000123,Conwy 013A,45.0
W01000096,Gwynedd 003C,83.0
W01000014,Isle of Anglesey 006C,80.8
W01000085,Gwynedd 017C,35.9
W01001096,The Vale of Glamorgan 007E,9.4
W01001014,Bridgend 002A,10.4
W01001097,The Vale of Glamorgan 007F,9.3
W01001017,Bridgend 002C,16.0
W01001129,The Vale of Glamorgan 004F,11.6
W01001016,Bridgend 005C,10.3
W01001121,The Vale of Glamorgan 014E,7.8
W01001128,The Vale of Glamorgan 001C,10.0
W01001095,The Vale of Glamorgan 007D,9.3
W01001094,The Vale of Glamorgan 007C,11.2
W01001024,Bridgend 003C,7.2
W01000527,Ceredigion 008A,36.5
W01001009,Bridgend 004C,8.2
W01001536,Torfaen 009C,12.2
W01000559,Pembrokeshire 001B,55.9
W01000558,Pembrokeshire 001A,51.7
W01001877,Cardiff 011A,7.3
W01001874,Cardiff 038D,8.1
W01001876,Cardiff 037D,6.7
W01001875,Cardiff 037C,8.7
W01001872,Cardiff 038B,10.0
W01000721,Carmarthenshire 027C,54.7
W01000720,Carmarthenshire 027B,46.6
W01001636,Newport 020A,11.7
W01001419,Caerphilly 021D,11.5
W01001889,Cardiff 020B,12.0
W01001808,Cardiff 007C,7.2
W01001442,Blaenau Gwent 001C,7.9
W01001445,Blaenau Gwent 005C,10.3
W01001888,Cardiff 010A,16.0
W01001809,Cardiff 017A,9.6
W01001443,Blaenau Gwent 005A,6.7
W01001781,Cardiff 026C,20.3
W01001703,Cardiff 045B,7.2
W01001782,Cardiff 026D,15.6
W01001783,Cardiff 026E,11.0
W01001780,Cardiff 026B,16.9
W01001558,Monmouthshire 002C,8.4
W01001559,Monmouthshire 008A,7.9
W01001291,Merthyr Tydfil 003A,13.6
W01001210,Rhondda Cynon Taf 008B,8.9
W01001213,Rhondda Cynon Taf 011A,13.1
W01001292,Merthyr Tydfil 004A,8.6
W01001212,Rhondda Cynon Taf 008D,8.7
W01001290,Merthyr Tydfil 007A,9.3
W01000980,Bridgend 016A,9.3
W01000901,Neath Port Talbot 014D,18.0
W01000811,Swansea 008B,8.7
W01000890,Neath Port Talbot 015B,8.4
W01000810,Swansea 003D,8.2
W01000891,Neath Port Talbot 015C,7.5
W01000475,Powys 001E,32.7
W01000474,Powys 020B,25.7
W01000477,Powys 012D,12.2
W01000590,Pembrokeshire 012B,7.3
W01000511,Ceredigion 009E,46.9
W01000476,Powys 005C,12.4
W01000640,Carmarthenshire 007D,47.9
W01000472,Powys 012C,11.4
W01001749,Cardiff 027C,8.4
W01001748,Cardiff 027B,8.8
W01000641,Carmarthenshire 008A,35.5
W01000453,Powys 010B,14.2
W01000452,Powys 004B,52.3
W01001901,Powys 017F,13.7
W01000159,Conwy 014B,65.8
W01001329,Caerphilly 014C,11.6
W01000261,Flintshire 014C,11.0
W01000260,Flintshire 017B,9.1
W01000268,Flintshire 013B,11.5
W01000269,Flintshire 020A,12.6
W01001471,Blaenau Gwent 001E,6.7
W01001318,Merthyr Tydfil 005D,6.2
W01001170,Rhondda Cynon Taf 004D,12.0
W01000306,Flintshire 002A,17.0
W01000387,Wrexham 008D,16.1
W01000059,Gwynedd 006A,86.2
W01000051,Gwynedd 015A,78.5
W01000050,Gwynedd 003A,61.9
W01000053,Gwynedd 004B,73.1
W01000052,Gwynedd 004A,87.3
W01000054,Gwynedd 007A,82.6
W01000307,Flintshire 020B,14.4
W01000386,Wrexham 015A,14.7
W01001957,Swansea 025G,8.2
W01001954,Cardiff 006F,14.3
W01001956,Swansea 023E,8.1
W01001955,Swansea 025F,5.0
W01001952,Cardiff 049F,9.3
W01001839,Cardiff 030E,9.9
W01001838,Cardiff 030D,12.8
W01001894,Cardiff 010C,13.3
W01001000,Bridgend 010B,10.9
W01000229,Denbighshire 017E,13.8
W01001142,Rhondda Cynon Taf 005F,8.2
W01001247,Rhondda Cynon Taf 016C,10.0
W01001140,Rhondda Cynon Taf 005D,10.0
W01001242,Rhondda Cynon Taf 030D,15.0
W01001141,Rhondda Cynon Taf 005E,10.0
W01000007,Isle of Anglesey 009A,68.3
W01000223,Denbighshire 009B,18.0
W01000222,Denbighshire 003C,13.9
W01000220,Denbighshire 001C,8.3
W01000496,Powys 021B,24.4
W01000497,Powys 005D,14.7
W01000417,Wrexham 020D,8.4
W01000416,Wrexham 007D,9.6
W01000414,Wrexham 010D,8.6
W01001398,Caerphilly 024A,15.2
W01001855,Cardiff 042A,9.1
W01001852,Cardiff 004B,13.2
W01001857,Cardiff 042C,7.7
W01001854,Cardiff 004D,9.9
W01001856,Cardiff 042B,7.7
W01001179,Rhondda Cynon Taf 023B,8.1
W01001853,Cardiff 004C,11.7
W01000443,Powys 015B,8.7
W01001892,Cardiff 020D,14.0
W01001080,The Vale of Glamorgan 012F,11.2
W01001582,Monmouthshire 011D,15.6
W01001681,Newport 006B,7.8
W01000072,Gwynedd 002B,51.7
W01000398,Wrexham 013A,17.7
W01000319,Flintshire 016G,17.5
W01000989,Bridgend 013A,13.0
W01000621,Pembrokeshire 016D,10.5
W01000908,Neath Port Talbot 006E,12.8
W01000620,Pembrokeshire 016C,7.7
W01000909,Neath Port Talbot 009A,8.5
W01000542,Ceredigion 011F,54.3
W01000545,Ceredigion 007D,48.5
W01000822,Swansea 009F,9.8
W01001920,Bridgend 017G,10.8
W01000346,Wrexham 018B,8.6
W01001779,Cardiff 026A,15.8
W01001909,Monmouthshire 002F,9.6
W01000082,Gwynedd 015C,67.1
W01001261,Rhondda Cynon Taf 018F,8.1
W01000258,Flintshire 006A,17.5
W01001260,Rhondda Cynon Taf 014C,8.8
W01001028,Bridgend 014D,10.5
W01000682,Carmarthenshire 005B,60.4
W01001811,Cardiff 009A,6.7
W01001362,Caerphilly 003C,9.5
W01001152,Rhondda Cynon Taf 002B,14.3
W01000325,Flintshire 010D,12.1
W01000759,Swansea 012A,13.0
W01000117,Gwynedd 017E,39.3
W01000656,Carmarthenshire 010A,58.5
W01001528,Torfaen 010D,10.4
W01000735,Carmarthenshire 027D,42.4
W01001491,Torfaen 004A,8.1
W01000505,Powys 021E,44.3
W01000821,Swansea 009E,7.0
W01001263,Rhondda Cynon Taf 022E,9.3
W01001262,Rhondda Cynon Taf 022D,10.1
W01001272,Rhondda Cynon Taf 010D,14.4
W01000921,Neath Port Talbot 011B,5.4
W01000920,Neath Port Talbot 011A,8.6
W01000411,Wrexham 015C,26.5
W01000410,Wrexham 014D,27.4
W01001258,Rhondda Cynon Taf 019E,11.8
W01000379,Wrexham 004C,10.8
W01000378,Wrexham 004B,12.1
W01000371,Wrexham 008B,11.3
W01000370,Wrexham 020G,9.9
W01000373,Wrexham 005B,10.9
W01001603,Newport 012C,9.4
W01000077,Gwynedd 001C,35.2
W01001132,The Vale of Glamorgan 008D,10.5
W01001133,The Vale of Glamorgan 008E,7.9
W01001134,The Vale of Glamorgan 008F,7.7
W01001135,The Vale of Glamorgan 003C,14.4
W01001136,The Vale of Glamorgan 003D,12.0
W01001137,Rhondda Cynon Taf 005A,9.0
W01001168,Rhondda Cynon Taf 004B,10.6
W01001169,Rhondda Cynon Taf 004C,9.6
W01001160,Rhondda Cynon Taf 029A,11.8
W01001161,Rhondda Cynon Taf 029B,13.2
W01001165,Rhondda Cynon Taf 019B,14.1
W01001130,The Vale of Glamorgan 005F,13.2
W01001162,Rhondda Cynon Taf 025A,14.5
W01001131,The Vale of Glamorgan 008C,11.0
W01001167,Rhondda Cynon Taf 016B,10.2
W01001164,Rhondda Cynon Taf 019A,11.8
W01001056,Bridgend 007D,8.8
W01001057,Bridgend 006B,9.1
W01001461,Blaenau Gwent 007F,6.3
W01000200,Denbighshire 008A,23.2
W01000281,Flintshire 008D,9.4
W01001948,Cardiff 006E,14.1
W01000282,Flintshire 010C,13.9
W01001941,Cardiff 032G,5.9
W01001940,Cardiff 048A,10.3
W01001949,Cardiff 005F,8.1
W01000529,Ceredigion 007A,50.7
W01000528,Ceredigion 008B,57.8
W01001495,Torfaen 008C,11.5
W01000431,Powys 014A,15.8
W01001542,Monmouthshire 009A,8.7
W01001634,Newport 019B,8.8
W01001637,Newport 016B,11.8
W01001538,Torfaen 009D,10.8
W01000430,Powys 015A,9.7
W01001562,Monmouthshire 003B,10.9
W01001565,Monmouthshire 006D,9.0
W01000088,Gwynedd 007B,81.6
W01001564,Monmouthshire 003D,10.8
W01001904,Powys 018G,9.4
W01001539,Torfaen 009E,10.2
W01001563,Monmouthshire 003C,7.4
W01000580,Pembrokeshire 009B,12.8
W01000030,Isle of Anglesey 003D,40.6
W01000031,Isle of Anglesey 001E,61.1
W01000242,Denbighshire 014A,37.8
W01000032,Isle of Anglesey 002D,52.3
W01000033,Isle of Anglesey 003E,40.4
W01000034,Isle of Anglesey 004B,50.4
W01000035,Isle of Anglesey 005E,54.8
W01000245,Denbighshire 010A,26.3
W01000036,Isle of Anglesey 003F,39.8
W01000037,Isle of Anglesey 003G,39.6
W01000038,Isle of Anglesey 009D,59.3
W01000039,Isle of Anglesey 004C,42.9
W01000180,Conwy 008C,16.3
W01000108,Gwynedd 012D,79.1
W01000100,Gwynedd 010B,72.3
W01001929,Wrexham 012F,7.5
W01000101,Gwynedd 013D,76.5
W01000182,Conwy 007D,14.8
W01000181,Conwy 008D,20.6
W01000183,Conwy 008E,15.7
W01000103,Gwynedd 005D,59.3
W01000827,Swansea 031E,10.2
W01000189,Conwy 015F,60.7
W01000188,Conwy 002D,24.7
W01001395,Caerphilly 023C,12.1
W01001922,Cardiff 032E,11.9
W01000131,Conwy 012D,30.9
W01001206,Rhondda Cynon Taf 006C,8.3
W01001287,Rhondda Cynon Taf 014F,13.8
W01000276,Flintshire 008A,12.1
W01000277,Flintshire 008B,11.2
W01000444,Powys 002A,15.6
W01001586,Monmouthshire 007D,8.4
W01000564,Pembrokeshire 011C,12.0
W01001601,Newport 006A,12.0
W01001921,Bridgend 017H,13.2
W01000342,Wrexham 009B,10.1
W01001951,Cardiff 049E,10.6
W01001436,Blaenau Gwent 008B,6.7
W01001437,Blaenau Gwent 008C,6.7
W01001434,Caerphilly 013F,14.7
W01001435,Blaenau Gwent 008A,7.6
W01000541,Ceredigion 008E,59.2
W01001752,Cardiff 031B,11.2
W01001279,Rhondda Cynon Taf 028F,12.0
W01001546,Monmouthshire 002A,10.4
W01001432,Caerphilly 013D,13.1
W01001433,Caerphilly 013E,11.8
W01001430,Caerphilly 015B,9.7
W01001431,Caerphilly 015C,10.9
W01000504,Powys 021D,34.6
W01000974,Bridgend 006A,8.7
W01001545,Monmouthshire 001A,8.6
W01000845,Swansea 001A,35.2
W01000326,Flintshire 018B,10.7
W01000197,Denbighshire 012C,37.5
W01001438,Blaenau Gwent 004A,7.6
W01001439,Blaenau Gwent 004B,8.1
W01001367,Caerphilly 019B,11.7
W01001543,Monmouthshire 009B,12.6
W01001157,Rhondda Cynon Taf 028A,11.4
W01001540,Torfaen 004E,8.8
W01001541,Torfaen 004F,9.3
W01000582,Pembrokeshire 004A,45.1
W01001038,Bridgend 011C,9.5
W01001039,Bridgend 009E,10.6
W01001757,Cardiff 025C,11.5
W01000368,Wrexham 008A,13.3
W01001900,Neath Port Talbot 020G,44.7
W01000151,Conwy 005C,13.6
W01000653,Carmarthenshire 023A,33.2
W01001632,Newport 017D,7.2
W01001635,Newport 016A,10.4
W01000652,Carmarthenshire 020B,25.8
W01000008,Isle of Anglesey 008A,73.2
W01001906,Powys 001F,42.1
W01001059,The Vale of Glamorgan 015A,13.8
W01001058,Bridgend 006C,8.8
W01001051,Bridgend 008E,10.1
W01001050,Bridgend 008D,8.9
W01001053,Bridgend 018E,8.4
W01001052,Bridgend 008F,8.5
W01001055,Bridgend 007C,8.5
W01001054,Bridgend 018F,10.2
W01001387,Caerphilly 007C,13.4
W01001306,Merthyr Tydfil 003D,7.9
W01001348,Caerphilly 009A,9.4
W01001349,Caerphilly 009B,14.0
W01001627,Newport 001E,11.2
W01000438,Powys 012A,11.3
W01001368,Caerphilly 019C,13.4
W01000209,Denbighshire 016D,20.0
W01000288,Flintshire 004A,11.6
W01000208,Denbighshire 016C,20.8
W01001226,Rhondda Cynon Taf 031F,14.4
W01001227,Rhondda Cynon Taf 021C,20.4
W01000240,Denbighshire 004E,9.4
W01000243,Denbighshire 014B,38.4
W01001561,Monmouthshire 003A,7.9
W01001560,Monmouthshire 006C,10.5
W01001158,Rhondda Cynon Taf 028B,10.0
W01001860,Cardiff 034C,19.7
W01001203,Rhondda Cynon Taf 009D,9.3
W01001282,Rhondda Cynon Taf 015C,12.6
W01001283,Rhondda Cynon Taf 015D,14.8
W01001202,Rhondda Cynon Taf 009C,10.1
W01000060,Gwynedd 015B,55.8
W01000063,Gwynedd 005A,74.4
W01000062,Gwynedd 001A,22.8
W01001281,Rhondda Cynon Taf 017F,13.2
W01000278,Flintshire 007D,9.0
W01000065,Gwynedd 009B,79.3
W01000279,Flintshire 008C,7.5
W01000064,Gwynedd 002A,52.6
W01000067,Gwynedd 016D,61.8
W01000066,Gwynedd 010A,67.6
W01000109,Gwynedd 012E,78.3
W01000271,Flintshire 006C,19.4
W01000270,Flintshire 006B,21.2
W01000068,Gwynedd 016E,67.1
W01000061,Gwynedd 011B,64.2
W01001587,Monmouthshire 008C,6.8
W01000173,Conwy 003B,23.0
W01000172,Conwy 013E,37.2
W01000175,Conwy 003D,22.0
W01000174,Conwy 003C,23.7
W01000177,Conwy 011E,28.9
W01000176,Conwy 011D,28.1
W01000171,Conwy 013D,31.7
W01000170,Conwy 013C,48.4
W01000115,Gwynedd 003E,69.0
W01001392,Caerphilly 009D,9.6
W01001868,Cardiff 022D,6.3
W01001522,Torfaen 007D,10.4
W01001425,Caerphilly 024D,13.5
W01000297,Flintshire 003D,12.2
W01001690,Newport 013D,7.2
W01001611,Newport 011A,10.0
W01001691,Newport 011D,9.4
W01001610,Newport 015C,9.5
W01000549,Ceredigion 001E,56.5
W01000548,Ceredigion 001D,54.8
W01001241,Rhondda Cynon Taf 026D,17.1
W01001466,Blaenau Gwent 009C,6.9
W01001878,Cardiff 011B,7.6
W01001879,Cardiff 013A,7.9
W01001411,Caerphilly 017A,9.4
W01000502,Powys 021C,45.9
W01001776,Cardiff 021C,10.4
W01000846,Swansea 001B,32.6
W01001065,The Vale of Glamorgan 012B,12.2
W01001064,The Vale of Glamorgan 013B,11.6
W01001067,The Vale of Glamorgan 009A,9.3
W01001066,The Vale of Glamorgan 015D,11.6
W01001188,Rhondda Cynon Taf 001C,12.2
W01001109,The Vale of Glamorgan 011C,9.1
W01001189,Rhondda Cynon Taf 029C,13.9
W01001108,The Vale of Glamorgan 014A,9.1
W01001063,The Vale of Glamorgan 012A,12.0
W01001062,The Vale of Glamorgan 013A,14.6
W01001773,Cardiff 012A,10.6
W01000363,Wrexham 006D,18.7
W01001903,Powys 018F,8.3
W01000152,Conwy 005D,11.2
W01001620,Newport 003D,8.8
W01001177,Rhondda Cynon Taf 009B,10.9
W01000448,Powys 011B,8.5
W01000047,Gwynedd 011A,79.8
W01001084,The Vale of Glamorgan 002C,11.2
W01000254,Flintshire 003B,13.5
W01000609,Pembrokeshire 014D,11.2
W01001026,Bridgend 012D,6.1
W01000605,Pembrokeshire 013F,9.1
W01000157,Conwy 004C,17.1
W01001897,Powys 020D,13.1
W01001004,Bridgend 009A,8.9
W01001866,Cardiff 016A,6.6
W01000078,Gwynedd 011C,73.8
W01001257,Rhondda Cynon Taf 019D,13.4
W01001441,Blaenau Gwent 001B,7.8
W01000957,Neath Port Talbot 017D,6.9
W01000954,Neath Port Talbot 005C,11.9
W01000956,Neath Port Talbot 004F,22.6
W01001440,Blaenau Gwent 001A,8.5
W01000746,Swansea 025C,7.8
W01000955,Neath Port Talbot 004E,26.6
W01000952,Neath Port Talbot 018D,9.0
W01001576,Monmouthshire 004D,9.0
W01000899,Neath Port Talbot 014B,16.2
W01000818,Swansea 009B,9.5
W01001708,Cardiff 045D,9.6
W01000898,Neath Port Talbot 014A,15.7
W01000471,Powys 014E,16.8
W01000470,Powys 001D,19.7
W01000473,Powys 004C,51.6
W01001211,Rhondda Cynon Taf 008C,9.1
W01000439,Powys 007B,13.9
W01001317,Merthyr Tydfil 005C,8.6
W01000321,Flintshire 014D,12.9
W01000450,Powys 014C,13.8
W01000451,Powys 012B,11.6
W01000831,Swansea 013D,7.3
W01000830,Swansea 011A,5.4
W01000833,Swansea 011C,5.6
W01000648,Carmarthenshire 006D,52.6
W01000649,Carmarthenshire 006E,56.0
W01000303,Flintshire 018A,11.5
W01000382,Wrexham 012B,14.3
W01000302,Flintshire 013F,10.3
W01000383,Wrexham 020A,11.1
W01000305,Flintshire 003F,15.7
W01000384,Wrexham 020B,8.9
W01000304,Flintshire 003E,12.7
W01000385,Wrexham 014C,17.9
W01000381,Wrexham 012A,11.4
W01000300,Flintshire 019B,19.5
W01000629,Carmarthenshire 024B,25.8
W01000628,Carmarthenshire 024A,26.1
W01000773,Swansea 005A,12.0
W01000772,Swansea 018A,11.7
W01000775,Swansea 030A,8.5
W01001516,Torfaen 006C,7.2
W01000770,Swansea 020C,6.8
W01001597,Monmouthshire 006F,10.5
W01001517,Torfaen 006D,9.3
W01001746,Cardiff 041D,6.9
W01001747,Cardiff 027A,12.9
W01000535,Ceredigion 008C,56.9
W01000534,Ceredigion 011B,54.0
W01000532,Ceredigion 007B,50.8
W01001950,Cardiff 049D,11.8
W01001953,Cardiff 005G,9.4
W01000567,Pembrokeshire 002D,28.5
W01000566,Pembrokeshire 002C,35.0
W01001505,Torfaen 013B,8.0
W01001250,Rhondda Cynon Taf 024B,12.1
W01001311,Merthyr Tydfil 002F,7.4
W01000256,Flintshire 015B,10.1
W01001172,Rhondda Cynon Taf 020A,11.3
W01000442,Powys 004A,57.8
W01001003,Bridgend 015D,9.1
W01001275,Rhondda Cynon Taf 013C,11.1
W01001502,Torfaen 011E,12.7
W01000119,Gwynedd 004D,64.3
W01000751,Swansea 002B,26.5
W01001496,Torfaen 004B,9.0
W01001828,Cardiff 024D,12.3
W01001460,Blaenau Gwent 007E,9.9
W01001712,Cardiff 040D,21.1
W01001793,Cardiff 002A,10.3
W01001715,Cardiff 035B,22.2
W01001794,Cardiff 001C,12.7
W01001795,Cardiff 002B,12.7
W01001792,Cardiff 005B,7.8
W01000879,Swansea 029A,10.0
W01001924,Carmarthenshire 026H,16.6
W01000133,Conwy 002A,19.4
W01001668,Newport 010D,8.0
W01000231,Denbighshire 017A,14.9
W01000005,Isle of Anglesey 005A,39.5
W01001025,Bridgend 003D,9.2
W01000602,Pembrokeshire 013C,9.0
W01000756,Swansea 017B,9.7
W01001891,Cardiff 020C,17.6
W01001088,The Vale of Glamorgan 006C,8.1
W01001798,Cardiff 002D,11.0
W01000635,Carmarthenshire 025A,30.8
W01000576,Pembrokeshire 011D,10.9
W01000634,Carmarthenshire 021C,35.1
W01000888,Neath Port Talbot 004A,29.5
W01000809,Swansea 008A,11.9
W01000889,Neath Port Talbot 015A,8.3
W01000808,Swansea 003C,11.5
W01000632,Carmarthenshire 021A,32.7
W01001769,Cardiff 018A,14.3
W01001768,Cardiff 044E,8.7
W01001399,Caerphilly 023E,11.6
W01000257,Flintshire 015C,8.7
W01000608,Pembrokeshire 015D,10.5
W01001171,Rhondda Cynon Taf 017A,11.4
W01000604,Pembrokeshire 013E,9.7
W01000616,Pembrokeshire 011F,11.0
W01001692,Newport 011E,9.3
W01000816,Swansea 003F,12.2
W01000897,Neath Port Talbot 013D,7.0
W01000647,Carmarthenshire 002A,46.0
W01001919,Bridgend 017F,13.7
W01001918,Bridgend 017E,11.8
W01000895,Neath Port Talbot 013B,8.1
W01000390,Wrexham 020C,9.6
W01000311,Flintshire 011A,11.3
W01000391,Wrexham 003D,11.8
W01000310,Flintshire 020D,14.8
W01000392,Wrexham 003E,11.5
W01000313,Flintshire 016A,19.7
W01000312,Flintshire 011B,7.7
W01000393,Wrexham 009C,12.5
W01001087,The Vale of Glamorgan 006B,10.0
W01001644,Newport 013C,9.0
W01001645,Newport 015D,9.5
W01000639,Carmarthenshire 007C,37.9
W01000291,Flintshire 005B,13.6
W01001429,Caerphilly 001F,12.4
W01000213,Denbighshire 002A,15.1
W01000292,Flintshire 004C,13.3
W01000293,Flintshire 004D,12.7
W01000210,Denbighshire 016E,19.5
W01001893,Cardiff 010B,11.7
W01001081,The Vale of Glamorgan 007A,10.4
W01001639,Newport 004A,11.5
W01001638,Newport 016C,10.9
W01000781,Swansea 023B,10.1
W01000700,Carmarthenshire 027G,44.2
W01001488,Torfaen 001B,9.5
W01001489,Torfaen 001C,8.5
W01001408,Caerphilly 016B,11.9
W01000701,Carmarthenshire 001C,56.4
W01001409,Caerphilly 016C,10.3
W01001613,Newport 011C,10.0
W01001251,Rhondda Cynon Taf 024C,11.3
W01001682,Newport 006C,7.0
W01000074,Gwynedd 013B,54.1
W01001521,Torfaen 007C,12.3
W01001414,Caerphilly 008A,11.7
W01000501,Powys 003D,14.3
W01000740,Swansea 014C,10.3
W01000741,Swansea 014D,10.4
W01001448,Blaenau Gwent 002C,7.5
W01000553,Pembrokeshire 011A,11.6
W01000911,Neath Port Talbot 009C,10.2
W01000552,Ceredigion 011D,58.3
W01000999,Bridgend 010A,9.1
W01000931,Neath Port Talbot 020E,60.8
W01000930,Neath Port Talbot 011D,7.0
W01000933,Neath Port Talbot 019B,12.1
W01001579,Monmouthshire 001E,10.3
W01001578,Monmouthshire 009C,10.6
W01001807,Cardiff 007B,7.1
W01001886,Cardiff 016D,5.6
W01001806,Cardiff 015D,10.2
W01001887,Cardiff 020A,26.0
W01000959,Neath Port Talbot 017E,8.9
W01001885,Cardiff 011D,8.4
W01000824,Swansea 031B,10.5
W01001923,Carmarthenshire 026G,18.7
W01000138,Conwy 008A,23.0
W01001778,Cardiff 001B,11.9
W01000547,Ceredigion 009G,60.4
W01001642,Newport 013A,9.1
W01001643,Newport 013B,10.4
W01000866,Swansea 019E,5.0
W01000867,Swansea 019F,6.4
W01000864,Swansea 019C,5.4
W01000865,Swansea 019D,6.1
W01000862,Swansea 019A,6.6
W01000863,Swansea 019B,5.4
W01000255,Flintshire 015A,8.5
W01001022,Bridgend 014B,10.6
W01000730,Carmarthenshire 018D,45.7
W01000199,Denbighshire 011C,38.1
W01001041,Bridgend 013C,11.9
W01001048,Bridgend 008B,9.3
W01001043,Bridgend 004E,11.4
W01001040,Bridgend 009F,11.6
W01001045,Bridgend 019D,8.2
W01001042,Bridgend 004D,11.6
W01001047,Bridgend 018D,9.7
W01001044,Bridgend 019C,7.0
W01001049,Bridgend 008C,7.6
W01001336,Caerphilly 004A,9.3
W01000676,Carmarthenshire 004A,52.4
W01000677,Carmarthenshire 004B,48.1
W01001659,Newport 018A,9.9
W01001658,Newport 020D,9.4
W01000715,Carmarthenshire 013E,55.7
W01000795,Swansea 006A,16.1
W01000714,Carmarthenshire 013D,50.6
W01000796,Swansea 006B,15.9
W01000717,Carmarthenshire 016E,68.8
W01000581,Pembrokeshire 003B,42.1
W01000797,Swansea 010B,14.5
W01000716,Carmarthenshire 016D,65.8
W01000794,Swansea 010A,15.5
W01000765,Swansea 015C,6.4
W01000764,Swansea 015B,6.1
W01000767,Swansea 015E,6.2
W01000766,Swansea 015D,8.4
W01000762,Swansea 013C,6.3
W01000488,Powys 006C,22.1
W01000489,Powys 017A,11.2
W01000409,Wrexham 017E,11.4
W01000408,Wrexham 013D,18.2
W01000840,Swansea 030D,10.6
W01000423,Wrexham 012D,14.1
W01000422,Wrexham 008F,10.8
W01000425,Wrexham 010E,7.7
W01000134,Conwy 015B,59.6
W01000420,Wrexham 016E,12.0
W01000881,Swansea 029C,6.6
W01001731,Cardiff 008B,11.7
W01000800,Swansea 006C,16.3
W01000803,Swansea 002F,38.3
W01001730,Cardiff 008A,11.2
W01001733,Cardiff 019B,12.5
W01000882,Swansea 029D,7.1
W01000801,Swansea 006D,8.7
W01000880,Swansea 029B,8.8
W01001799,Cardiff 001D,13.3
W01001718,Cardiff 028A,9.3
W01001719,Cardiff 028B,10.1
W01001761,Cardiff 046C,11.9
W01001760,Cardiff 046B,8.3
W01001420,Caerphilly 022D,13.6
W01001423,Caerphilly 024B,11.6
W01001422,Caerphilly 022F,8.7
W01001421,Caerphilly 022E,9.4
W01000216,Denbighshire 002D,16.7
W01000086,Gwynedd 008B,74.4
W01000786,Swansea 007C,18.0
W01000707,Carmarthenshire 025D,29.6
W01001482,Torfaen 002A,11.9
W01001403,Caerphilly 011C,11.1
W01000322,Flintshire 014E,14.3
W01001255,Rhondda Cynon Taf 023E,10.8
W01001687,Newport 014D,5.1
W01000195,Denbighshire 012A,45.4
W01000586,Pembrokeshire 006C,14.4
W01001469,Blaenau Gwent 005F,8.7
W01001288,Rhondda Cynon Taf 014G,11.0
W01001289,Merthyr Tydfil 006A,10.1
W01001208,Rhondda Cynon Taf 006E,10.5
W01001209,Rhondda Cynon Taf 008A,8.6
W01001410,Caerphilly 016D,10.8
W01000467,Powys 010D,15.3
W01001759,Cardiff 046A,10.9
W01000364,Wrexham 006E,20.3
W01001902,Powys 017G,12.6
W01001312,Merthyr Tydfil 006E,7.9
W01000687,Carmarthenshire 004C,55.7
W01000752,Swansea 002C,14.3
W01001818,Cardiff 009D,8.5
W01001276,Rhondda Cynon Taf 013D,8.1
W01001688,Newport 019C,12.4
W01001685,Newport 014B,9.7
W01000110,Gwynedd 006D,90.0
W01000339,Flintshire 019D,24.4
W01000331,Flintshire 015F,5.3
W01000338,Flintshire 001C,26.2
W01000333,Flintshire 009B,9.0
W01000330,Flintshire 015E,6.7
W01000335,Flintshire 009D,7.5
W01000332,Flintshire 009A,6.1
W01000659,Carmarthenshire 026A,18.8
W01000658,Carmarthenshire 010C,60.1
W01001465,Blaenau Gwent 009B,8.4
W01001524,Torfaen 004D,7.5
W01000673,Carmarthenshire 027F,20.1
W01000713,Carmarthenshire 015E,65.6
W01000672,Carmarthenshire 027E,24.2
W01000792,Swansea 004B,20.1
W01000675,Carmarthenshire 012A,57.8
W01000793,Swansea 004C,16.9
W01000674,Carmarthenshire 027A,48.7
W01000712,Carmarthenshire 015D,59.1
W01000710,Carmarthenshire 021D,34.9
W01000791,Swansea 004A,13.3
W01000843,Swansea 005E,14.5
W01000761,Swansea 013B,9.1
W01000760,Swansea 013A,12.8
W01000763,Swansea 015A,6.5
W01001840,Cardiff 007D,8.8
W01001842,Cardiff 003B,11.1
W01001843,Cardiff 003C,10.7
W01001847,Cardiff 006D,10.7
W01001844,Cardiff 003D,9.6
W01001841,Cardiff 003A,11.9
W01001670,Newport 009B,10.7
W01001673,Newport 009D,8.0
W01000429,Powys 010A,23.4
W01001671,Newport 016D,9.0
W01001739,Cardiff 039C,7.2
W01001738,Cardiff 039B,10.3
W01000006,Isle of Anglesey 006A,73.3
W01001402,Caerphilly 011B,7.8
W01001483,Torfaen 002B,13.2
W01001405,Caerphilly 011E,11.3
W01000704,Carmarthenshire 022B,35.4
W01000785,Swansea 007B,18.1
W01001481,Blaenau Gwent 006E,6.8
W01001813,Cardiff 017D,6.5
W01001008,Bridgend 011B,9.5
W01001270,Rhondda Cynon Taf 010B,15.3
W01001600,Newport 012A,8.8
W01000073,Gwynedd 008A,81.3
W01000738,Swansea 014A,6.7
W01000978,Bridgend 004B,9.8
W01000915,Neath Port Talbot 010D,11.1
W01000994,Bridgend 001D,11.6
W01000914,Neath Port Talbot 010C,10.3
W01000995,Bridgend 001E,10.6
W01000996,Bridgend 008A,8.1
W01000917,Neath Port Talbot 010F,12.3
W01000993,Bridgend 001C,9.2
W01000912,Neath Port Talbot 010A,12.3
W01000556,Pembrokeshire 008B,16.2
W01000848,Swansea 001D,22.5
W01000823,Swansea 031A,9.8
W01000347,Wrexham 006A,14.2
W01001915,Rhondda Cynon Taf 027F,21.3
W01001912,Newport 020E,8.4
W01001914,Rhondda Cynon Taf 023F,14.5
W01001917,Rhondda Cynon Taf 023G,8.0
W01001916,Rhondda Cynon Taf 027G,22.7
W01001913,Newport 020F,9.2
W01001196,Rhondda Cynon Taf 027B,20.4
W01001114,The Vale of Glamorgan 008A,12.0
W01001197,Rhondda Cynon Taf 027C,21.2
W01001117,The Vale of Glamorgan 014B,9.2
W01001116,The Vale of Glamorgan 005A,12.4
W01001195,Rhondda Cynon Taf 030C,15.0
W01001115,The Vale of Glamorgan 008B,10.1
W01000236,Denbighshire 006A,10.8
W01001753,Cardiff 031C,10.2
W01000856,Swansea 022D,9.2
W01000081,Gwynedd 005B,74.7
W01001590,Monmouthshire 009D,8.0
W01001510,Torfaen 005A,10.0
W01001591,Monmouthshire 011E,14.2
W01001592,Monmouthshire 008D,11.8
W01001513,Torfaen 005D,9.2
W01001511,Torfaen 005B,7.9
W01000538,Ceredigion 005C,57.7
W01000539,Ceredigion 005D,50.0
W01001236,Rhondda Cynon Taf 021G,17.0
W01000259,Flintshire 017A,9.6
W01000252,Flintshire 010A,7.7
W01001029,Bridgend 019A,9.1
W01000126,Conwy 009A,22.9
W01000127,Conwy 009B,18.6
W01000124,Conwy 012A,41.9
W01000125,Conwy 013B,33.3
W01000754,Swansea 002E,20.5
W01001890,Cardiff 021D,10.4
W01001363,Caerphilly 012A,8.6
W01001153,Rhondda Cynon Taf 002C,10.9
W01001863,Cardiff 022A,8.8
W01000248,Denbighshire 008D,27.8
W01000249,Flintshire 014A,16.7
W01000513,Ceredigion 002B,26.6
W01001938,Swansea 025E,6.7
W01000593,Pembrokeshire 010C,9.3
W01000512,Ceredigion 002A,36.5
W01001729,Cardiff 014C,13.3
W01000642,Carmarthenshire 008B,41.4
W01000591,Pembrokeshire 012C,10.5
W01000510,Ceredigion 009D,55.8
W01001551,Monmouthshire 010C,11.7
W01001548,Monmouthshire 001B,10.5
W01000646,Carmarthenshire 003A,48.8
W01000896,Neath Port Talbot 013C,11.4
W01000817,Swansea 009A,8.9
W01001741,Cardiff 039E,9.6
W01001720,Cardiff 028C,10.4
W01001721,Cardiff 032A,8.5
W01001725,Cardiff 032D,12.4
W01001931,Wrexham 012G,9.0
W01001722,Cardiff 028D,10.4
W01001930,Wrexham 019F,31.2
W01001933,Gwynedd 017F,42.6
W01000083,Gwynedd 015D,79.2
W01001629,Newport 017A,7.0
W01001072,The Vale of Glamorgan 009E,12.2
W01001073,The Vale of Glamorgan 015E,8.6
W01001077,The Vale of Glamorgan 004C,8.3
W01001075,The Vale of Glamorgan 004A,12.9
W01001198,Rhondda Cynon Taf 027D,13.4
W01001076,The Vale of Glamorgan 004B,11.5
W01001199,Rhondda Cynon Taf 027E,14.6
W01001119,The Vale of Glamorgan 003B,11.4
W01001070,The Vale of Glamorgan 009C,11.3
W01001071,The Vale of Glamorgan 009D,9.3
W01000948,Neath Port Talbot 004D,31.3
W01000949,Neath Port Talbot 018A,10.5
W01000594,Pembrokeshire 012E,9.1
W01000595,Pembrokeshire 007C,21.8
W01000517,Ceredigion 002D,27.3
W01000596,Pembrokeshire 007D,17.2
W01000516,Ceredigion 003B,35.8
W01000515,Ceredigion 003A,37.2
W01001549,Monmouthshire 007A,9.6
W01001598,Monmouthshire 010F,10.3
W01001519,Torfaen 007A,9.0
W01001599,Monmouthshire 004F,10.0
W01000224,Denbighshire 009C,18.2
W01000227,Denbighshire 004B,13.3
W01000226,Denbighshire 004A,11.7
W01000225,Denbighshire 009D,22.0
W01000851,Swansea 021C,7.0
W01001020,Bridgend 002E,10.6
W01000757,Swansea 017C,10.1
W01001364,Caerphilly 012B,9.1
W01001454,Blaenau Gwent 008E,6.4
W01001457,Blaenau Gwent 004D,6.3
W01001456,Blaenau Gwent 004C,6.1
W01001154,Rhondda Cynon Taf 003D,10.8
W01001455,Blaenau Gwent 008F,7.8
W01001865,Cardiff 022C,10.0
W01001231,Rhondda Cynon Taf 017D,12.5
W01001230,Rhondda Cynon Taf 017C,14.2
W01001233,Rhondda Cynon Taf 001F,16.6
W01001837,Cardiff 030C,10.7
W01001836,Cardiff 030B,12.7
W01001835,Cardiff 033F,7.5
W01001834,Cardiff 033E,8.6
W01000969,Neath Port Talbot 009D,13.6
W01000327,Flintshire 018C,11.1
W01001567,Monmouthshire 005B,7.6
W01001895,Cardiff 010D,10.8
W01001002,Bridgend 010D,9.6
W01000140,Conwy 010B,22.5
W01000141,Conwy 010C,21.9
W01000820,Swansea 009D,11.3
W01000343,Wrexham 007A,10.5
W01000219,Denbighshire 001B,15.2
W01000298,Flintshire 001B,15.9
W01000218,Denbighshire 001A,12.7
W01000237,Denbighshire 006B,14.6
W01001750,Cardiff 031A,8.0
W01000089,Gwynedd 011D,77.0
W01001907,Powys 001G,29.5
W01001396,Caerphilly 023D,13.6
W01000600,Pembrokeshire 013A,9.2
W01000755,Swansea 017A,8.4
W01001369,Caerphilly 012D,10.3
W01001159,Rhondda Cynon Taf 028C,16.9
W01001470,Blaenau Gwent 001D,8.0
W01000859,Swansea 027B,12.9
W01000858,Swansea 027A,11.8
W01001831,Cardiff 030A,10.5
W01001830,Cardiff 033B,8.9
W01000482,Powys 008C,16.7
W01000403,Wrexham 018C,6.6
W01000481,Powys 008B,14.9
W01001797,Cardiff 005C,10.0
W01000400,Wrexham 005C,9.7
W01001717,Cardiff 035D,20.8
W01001716,Cardiff 035C,18.2
W01000939,Neath Port Talbot 008D,9.1
W01000938,Neath Port Talbot 008C,12.3
W01000749,Swansea 026A,7.6
W01001278,Rhondda Cynon Taf 028E,13.1
W01001698,Cardiff 036E,9.0
W01000723,Carmarthenshire 012E,41.0
W01001619,Newport 003C,8.6
W01000722,Carmarthenshire 012D,56.8
W01000725,Carmarthenshire 011D,54.7
W01001215,Rhondda Cynon Taf 011C,9.4
W01001214,Rhondda Cynon Taf 011B,14.4
W01001294,Merthyr Tydfil 003B,10.6
W01001217,Rhondda Cynon Taf 018A,8.8
W01001295,Merthyr Tydfil 002A,6.6
W01001216,Rhondda Cynon Taf 011D,11.1
W01001296,Merthyr Tydfil 002B,7.9
W01001293,Merthyr Tydfil 004B,9.6
W01000892,Neath Port Talbot 015D,9.3
W01000812,Swansea 008C,10.1
W01000893,Neath Port Talbot 003A,14.8
W01000328,Flintshire 011C,9.0
W01001252,Rhondda Cynon Taf 024D,10.5
W01001686,Newport 014C,10.5
W01000193,Denbighshire 015A,49.7
W01001880,Cardiff 013B,9.4
W01001447,Blaenau Gwent 002B,8.8
W01001881,Cardiff 013C,6.3
W01001800,Cardiff 005D,9.5
W01001446,Blaenau Gwent 002A,8.9
W01001444,Blaenau Gwent 005B,9.1
W01001784,Cardiff 026F,9.9
W01001785,Cardiff 023A,11.2
W01001705,Cardiff 045C,9.0
W01001704,Cardiff 041A,8.1
W01001707,Cardiff 041C,9.1
W01000733,Carmarthenshire 026E,22.9
W01001702,Cardiff 045A,9.3
W01000976,Bridgend 003A,7.7
W01000815,Swansea 003E,19.9
W01000894,Neath Port Talbot 013A,9.1
W01000814,Swansea 008E,9.7
W01000813,Swansea 008D,13.5
W01001728,Cardiff 014B,23.4
W01000592,Pembrokeshire 012D,8.9
W01001939,Cardiff 032F,7.1
W01001520,Torfaen 007B,11.4
W01001625,Newport 001C,8.7
W01000095,Gwynedd 012C,76.1
W01001640,Newport 004B,6.9
W01001641,Newport 004C,10.6
W01000860,Swansea 027C,14.1
W01000861,Swansea 027D,9.8
W01000826,Swansea 031D,11.2
W01001608,Newport 008B,10.5
W01001925,Carmarthenshire 023F,32.9
W01000130,Conwy 012C,27.5
W01000192,Denbighshire 016A,45.4
W01000084,Gwynedd 014D,63.4
W01001628,Newport 001F,8.0
W01001652,Newport 002B,8.1
W01001655,Newport 002E,7.9
W01001654,Newport 002D,8.5
W01000079,Gwynedd 013C,50.8
W01000683,Carmarthenshire 005C,44.6
W01001810,Cardiff 017B,7.6
W01001366,Caerphilly 019A,11.6
W01001156,Rhondda Cynon Taf 003E,13.4
W01000798,Swansea 010C,11.5
W01000799,Swansea 010D,10.6
W01000719,Carmarthenshire 010E,65.8
W01001867,Cardiff 016B,8.2
W01001580,Monmouthshire 002E,10.5
W01000587,Pembrokeshire 010A,7.5
W01000589,Pembrokeshire 012A,8.7
W01000578,Pembrokeshire 014B,10.2
W01000571,Pembrokeshire 006A,13.7
W01000570,Pembrokeshire 005C,14.7
W01000573,Pembrokeshire 006B,13.5
W01000638,Carmarthenshire 007B,30.4
W01000579,Pembrokeshire 003A,37.8
W01000631,Carmarthenshire 024D,15.6
W01000015,Isle of Anglesey 008C,70.5
W01000643,Carmarthenshire 006A,31.6
W01000454,Powys 013A,11.4
W01000091,Gwynedd 001D,48.1
W01000011,Isle of Anglesey 008B,47.4
W01001826,Cardiff 024B,12.0
W01001827,Cardiff 024C,14.8
W01000455,Powys 013B,14.1
W01001320,Merthyr Tydfil 007C,10.0
W01001322,Merthyr Tydfil 007E,11.1
W01001325,Caerphilly 003A,10.7
W01001324,Merthyr Tydfil 003E,10.7
W01001327,Caerphilly 014A,11.5
W01001326,Caerphilly 003B,10.4
W01001079,The Vale of Glamorgan 012E,10.5
W01001078,The Vale of Glamorgan 004D,11.8
W01001328,Caerphilly 014B,12.0
W01001321,Merthyr Tydfil 007D,11.8
W01000262,Flintshire 017C,10.4
W01000265,Flintshire 012B,11.4
W01000264,Flintshire 012A,11.7
W01000267,Flintshire 017F,10.4
W01000263,Flintshire 017D,8.4
W01000623,Pembrokeshire 004D,23.9
W01000622,Pembrokeshire 008E,13.5
W01000625,Carmarthenshire 013A,48.6
W01001473,Blaenau Gwent 003B,8.3
W01001472,Blaenau Gwent 003A,9.7
W01001475,Blaenau Gwent 003D,7.9
W01001474,Blaenau Gwent 003C,8.5
W01001832,Cardiff 033C,7.5
W01001833,Cardiff 033D,9.9
W01001451,Blaenau Gwent 007B,8.8
W01000465,Powys 018E,11.3
W01000847,Swansea 001C,32.9
W01000169,Conwy 001D,15.9
W01000168,Conwy 002B,20.9
W01000163,Conwy 009E,20.4
W01000162,Conwy 014C,63.0
W01000165,Conwy 006C,30.8
W01000164,Conwy 009F,21.7
W01000167,Conwy 011C,22.5
W01000166,Conwy 006D,28.7
W01000057,Gwynedd 016C,63.2
W01000056,Gwynedd 009A,78.2
W01001499,Torfaen 011C,9.1
W01001239,Rhondda Cynon Taf 026B,12.7
W01001238,Rhondda Cynon Taf 022C,14.0
W01001264,Rhondda Cynon Taf 022F,10.0
W01001267,Rhondda Cynon Taf 007C,15.1
W01000221,Denbighshire 003B,11.9
W01000228,Denbighshire 004C,14.4
W01001266,Rhondda Cynon Taf 007B,13.0
W01000232,Denbighshire 017B,17.0
W01001265,Rhondda Cynon Taf 007A,17.8
W01001756,Cardiff 025B,7.6
W01000923,Neath Port Talbot 007D,12.6
W01000922,Neath Port Talbot 007C,10.3
W01000925,Neath Port Talbot 003B,16.3
W01000924,Neath Port Talbot 011C,6.2
W01000927,Neath Port Talbot 020B,30.1
W01000926,Neath Port Talbot 003C,24.5
W01000413,Wrexham 010C,8.6
W01000493,Powys 017E,13.0
W01000412,Wrexham 015D,30.6
W01000415,Wrexham 007C,9.6
W01000494,Powys 015E,11.8
W01000492,Powys 017D,12.9
W01000374,Wrexham 003A,12.4
W01000377,Wrexham 004A,11.5
W01000376,Wrexham 003C,9.6
W01000098,Gwynedd 006C,87.4
W01000019,Isle of Anglesey 005C,43.9
W01000099,Gwynedd 005C,70.6
W01000018,Isle of Anglesey 001C,52.4
W01000090,Gwynedd 002D,51.9
W01001851,Cardiff 012D,12.5
W01000372,Wrexham 008C,11.2
W01000375,Wrexham 003B,11.2
W01001850,Cardiff 012C,14.5
W01000360,Wrexham 019D,10.7
W01000153,Conwy 009D,20.5
W01001166,Rhondda Cynon Taf 016A,7.3
W01000202,Denbighshire 015B,53.7
W01000283,Flintshire 008E,9.1
W01001942,Cardiff 049B,9.8
W01000284,Flintshire 013C,11.4
W01000205,Denbighshire 016B,59.2
W01001944,Cardiff 048C,11.1
W01000204,Denbighshire 013B,33.8
W01001945,Cardiff 048D,10.6
W01001946,Cardiff 049C,7.7
W01001947,Cardiff 048E,11.0
W01000203,Denbighshire 013A,24.1
W01001943,Cardiff 048B,11.3
W01001379,Caerphilly 013C,12.7
W01001371,Caerphilly 022A,11.4
W01001378,Caerphilly 013B,11.3
W01001310,Merthyr Tydfil 002E,7.9
W01001174,Rhondda Cynon Taf 020C,7.1
W01000449,Powys 011C,8.5
W01000607,Pembrokeshire 015C,10.3
W01000433,Powys 006A,25.9
W01000432,Powys 014B,15.3
W01000434,Powys 007A,4.3
W01001531,Torfaen 003D,8.2
W01001530,Torfaen 003C,10.9
W01001566,Monmouthshire 005A,7.8
W01001533,Torfaen 012B,12.8
W01001532,Torfaen 010E,12.8
W01001898,Merthyr Tydfil 008F,7.8
W01000849,Swansea 021A,6.2
W01000247,Denbighshire 010C,28.5
W01000235,Denbighshire 017D,17.4
W01001751,Cardiff 027D,9.2
W01001479,Blaenau Gwent 006D,8.0
W01001478,Blaenau Gwent 006C,8.8
W01001772,Cardiff 021A,10.9
W01000365,Wrexham 011C,14.1
W01000777,Swansea 012B,13.3
W01000776,Swansea 030B,11.4
W01000154,Conwy 003A,19.7
W01000774,Swansea 005B,14.1
W01001623,Newport 001A,8.8
W01000536,Ceredigion 011E,54.9
W01000537,Ceredigion 008D,49.0
W01001268,Rhondda Cynon Taf 007D,16.1
W01001269,Rhondda Cynon Taf 010A,14.5
W01000419,Wrexham 016D,15.1
W01000498,Powys 003A,9.9
W01000418,Wrexham 020E,8.5
W01000499,Powys 003B,10.9
W01001393,Caerphilly 019D,12.1
W01000601,Pembrokeshire 013B,8.8
W01001859,Cardiff 034B,19.0
W01001858,Cardiff 034A,19.4
W01000445,Powys 015C,10.0
W01001899,Powys 021F,46.2
W01001817,Cardiff 009C,7.4
W01001085,The Vale of Glamorgan 002D,11.3
W01001342,Caerphilly 021A,10.8
W01001285,Rhondda Cynon Taf 014D,11.8
W01001204,Rhondda Cynon Taf 006A,10.9
W01000401,Wrexham 005D,11.8
W01000427,Powys 011A,10.0
W01000426,Powys 021A,38.6
W01000348,Wrexham 006B,12.2
W01001207,Rhondda Cynon Taf 006D,11.8
W01001286,Rhondda Cynon Taf 014E,12.3
W01001284,Rhondda Cynon Taf 015E,19.7
W01001205,Rhondda Cynon Taf 006B,10.6
W01000273,Flintshire 007A,10.0
W01000201,Denbighshire 008B,16.8
W01000280,Flintshire 010B,9.0
W01000289,Flintshire 005A,12.6
W01001588,Monmouthshire 010D,11.1
W01001504,Torfaen 013A,8.7
W01001609,Newport 015B,10.9
W01001605,Newport 014A,9.3
W01000190,Conwy 014D,70.8
W01000750,Swansea 002A,20.3
W01000136,Conwy 006B,23.0
W01001754,Cardiff 031D,9.6
W01000829,Swansea 018C,17.3
W01000087,Gwynedd 004C,87.8
W01000142,Conwy 010D,23.6
W01000663,Carmarthenshire 016B,67.2
W01000662,Carmarthenshire 016A,58.9
W01000665,Carmarthenshire 017A,43.2
W01000660,Carmarthenshire 026B,22.1
W01001796,Cardiff 002C,10.9
W01001714,Cardiff 035A,25.5
W01001736,Cardiff 008C,12.3
W01000238,Denbighshire 006C,16.0
W01001661,Newport 018C,9.1
W01000871,Swansea 026B,10.0
W01000870,Swansea 024D,10.9
W01000878,Swansea 007F,16.2
W01000887,Neath Port Talbot 005A,13.5
W01000886,Neath Port Talbot 017C,7.0
W01000806,Swansea 003A,12.7
W01000001,Isle of Anglesey 007A,50.0
W01000690,Carmarthenshire 019A,43.5
W01000611,Pembrokeshire 004C,18.9
W01000691,Carmarthenshire 019B,37.6
W01001626,Newport 001D,8.7
W01001316,Merthyr Tydfil 005B,10.3
W01000441,Powys 005B,10.9
W01000447,Powys 007C,12.9
W01001360,Caerphilly 002A,10.7
W01001150,Rhondda Cynon Taf 003B,10.4
W01000323,Flintshire 012C,15.3
W01001606,Newport 008A,11.4
W01000114,Gwynedd 009D,73.1
W01000507,Ceredigion 009A,43.6
W01001529,Torfaen 003B,9.6
W01000732,Carmarthenshire 026D,19.4
W01001871,Cardiff 037B,6.3
W01001870,Cardiff 037A,9.5
W01001873,Cardiff 038C,9.5
W01000728,Carmarthenshire 003D,53.5
W01000729,Carmarthenshire 018C,55.2
W01000837,Swansea 004D,17.5
W01000834,Swansea 011D,12.2
W01000836,Swansea 011E,7.5
W01000519,Ceredigion 010A,52.9
W01000598,Pembrokeshire 009C,10.7
W01000599,Pembrokeshire 009D,10.9
W01000092,Gwynedd 001E,18.6
W01000010,Isle of Anglesey 002A,48.7
W01000093,Gwynedd 006B,83.9
W01000013,Isle of Anglesey 005B,57.5
W01000094,Gwynedd 012B,72.0
W01000116,Gwynedd 017D,35.8
W01000012,Isle of Anglesey 006B,80.5
W01000734,Carmarthenshire 026F,22.3
W01001010,Bridgend 012B,10.4
W01001011,Bridgend 012C,7.7
W01001092,The Vale of Glamorgan 007B,10.9
W01001091,The Vale of Glamorgan 010A,11.1
W01001093,The Vale of Glamorgan 013C,10.6
W01001229,Rhondda Cynon Taf 017B,15.5
W01001013,Bridgend 005B,11.3
W01001015,Bridgend 002B,11.3
W01001012,Bridgend 005A,15.8
W01001228,Rhondda Cynon Taf 021D,17.2
W01001090,The Vale of Glamorgan 006E,11.5
W01001018,Bridgend 002D,12.4
W01001413,Caerphilly 017C,9.7
W01000207,Denbighshire 015C,48.3
W01000369,Wrexham 020F,10.5
W01000522,Ceredigion 010B,50.7
W01000286,Flintshire 013E,12.3
W01000206,Denbighshire 013C,37.5
W01000287,Flintshire 001A,22.9
W01000525,Ceredigion 011A,46.5
W01000524,Ceredigion 005B,54.0
W01000285,Flintshire 013D,8.6
W01000523,Ceredigion 001C,52.9
W01000158,Conwy 004D,21.1
W01000588,Pembrokeshire 010B,9.9
W01001535,Torfaen 012D,8.9
W01001534,Torfaen 012C,10.3
W01001537,Torfaen 007E,8.0
W01001358,Caerphilly 006C,9.4
W01001359,Caerphilly 006D,10.0
W01001350,Caerphilly 009C,8.8
W01001351,Caerphilly 005D,9.7
W01000318,Flintshire 016F,15.5
W01000399,Wrexham 013B,17.9
W01000251,Flintshire 013A,11.7
W01001390,Caerphilly 006E,11.0
W01000341,Wrexham 009A,10.8
W01001173,Rhondda Cynon Taf 020B,7.1
W01000544,Ceredigion 007C,41.5
W01001417,Caerphilly 008D,15.0
W01001583,Monmouthshire 007B,8.5
W01001774,Cardiff 018D,13.5
W01001646,Newport 015E,7.6
W01001647,Newport 015F,7.0
W01000143,Conwy 007B,18.1
W01000144,Conwy 007C,16.5
W01000145,Conwy 008B,25.3
W01000246,Denbighshire 010B,19.5
W01000146,Conwy 001B,15.3
W01000147,Conwy 001C,16.9
W01000148,Conwy 015D,63.5
W01000149,Conwy 005A,8.5
W01000244,Denbighshire 014C,49.4
W01001869,Cardiff 038A,10.0
W01001274,Rhondda Cynon Taf 013B,11.0
W01001584,Monmouthshire 008B,11.7
W01000104,Gwynedd 008C,86.8
W01000184,Conwy 005E,10.8
W01000186,Conwy 001E,20.4
W01000185,Conwy 015E,45.6
W01000187,Conwy 002C,25.4
W01000107,Gwynedd 010E,66.8
W01000106,Gwynedd 010D,57.0
W01000105,Gwynedd 010C,80.1
W01000102,Gwynedd 002E,58.1
W01001683,Newport 006D,9.9
W01000118,Gwynedd 007D,75.8
W01001463,Blaenau Gwent 006B,8.4
W01000540,Ceredigion 005E,53.3
W01000971,Neath Port Talbot 004G,33.6
W01000543,Ceredigion 011C,49.4
W01001497,Torfaen 011A,9.1
W01000500,Powys 003C,12.5
W01001926,Conwy 011F,35.8
W01000135,Conwy 006A,22.5
W01000344,Wrexham 007B,9.3
W01001660,Newport 018B,7.2
W01001663,Newport 008C,7.9
W01001662,Newport 018D,7.1
W01001665,Newport 008D,10.2
W01000518,Ceredigion 003C,34.2
W01000835,Swansea 013E,7.3
W01000832,Swansea 011B,6.9
W01001343,Caerphilly 021B,13.7
W01001344,Caerphilly 020C,9.7
W01001345,Caerphilly 021C,11.1
W01001346,Caerphilly 020D,11.6
W01001347,Caerphilly 005C,10.3
W01001138,Rhondda Cynon Taf 005B,8.3
W01001139,Rhondda Cynon Taf 005C,10.2
W01001340,Caerphilly 020A,12.5
W01001341,Caerphilly 020B,11.0
W01001525,Torfaen 003A,8.6
W01000970,Neath Port Talbot 005D,10.2
W01000272,Flintshire 006D,16.9
W01000275,Flintshire 007C,12.2
W01000274,Flintshire 007B,7.5
W01001148,Rhondda Cynon Taf 002A,12.2
W01001187,Rhondda Cynon Taf 001B,17.9
W01001149,Rhondda Cynon Taf 003A,10.9
W01001030,Bridgend 019B,7.4
W01001031,Bridgend 018A,8.1
W01001104,The Vale of Glamorgan 004E,8.4
W01001185,Rhondda Cynon Taf 022A,12.5
W01001755,Cardiff 025A,15.3
W01001240,Rhondda Cynon Taf 026C,13.1
W01001032,Bridgend 018B,8.7
W01001033,Bridgend 003E,7.1
W01001034,Bridgend 003F,6.3
W01001035,Bridgend 014E,6.8
W01001107,The Vale of Glamorgan 011B,6.9
W01001036,Bridgend 017D,12.7
W01001243,Rhondda Cynon Taf 030E,12.3
W01001186,Rhondda Cynon Taf 001A,17.1
W01001037,Bridgend 013B,9.8
W01001106,The Vale of Glamorgan 011A,10.0
W01000004,Isle of Anglesey 001B,54.3
W01001089,The Vale of Glamorgan 006D,8.8
W01001181,Rhondda Cynon Taf 015B,13.2
W01001100,The Vale of Glamorgan 010C,11.0
W01001182,Rhondda Cynon Taf 021A,12.0
W01001103,The Vale of Glamorgan 010D,11.3
W01001183,Rhondda Cynon Taf 021B,11.2
W01001102,The Vale of Glamorgan 013F,11.8
W01001184,Rhondda Cynon Taf 026A,11.6
W01001105,The Vale of Glamorgan 001A,14.8
W01001180,Rhondda Cynon Taf 015A,10.2
W01001101,The Vale of Glamorgan 013E,11.7
W01001319,Merthyr Tydfil 007B,13.8
W01000689,Carmarthenshire 003C,53.8
W01001178,Rhondda Cynon Taf 023A,9.2
W01000685,Carmarthenshire 001A,56.8
W01001812,Cardiff 017C,6.6
W01001001,Bridgend 010C,11.7
W01001762,Cardiff 046D,9.5
W01001021,Bridgend 014A,7.7
W01000603,Pembrokeshire 013D,9.5
W01001485,Torfaen 002D,12.8
W01001407,Caerphilly 016A,8.7
W01001486,Torfaen 002E,9.5
W01001862,Cardiff 042D,7.0
W01001464,Blaenau Gwent 009A,5.9
W01001273,Rhondda Cynon Taf 010E,15.9
W01001503,Torfaen 009B,10.9
W01001259,Rhondda Cynon Taf 018E,8.9
W01000075,Gwynedd 002C,45.3
W01000736,Swansea 028A,8.4
W01000651,Carmarthenshire 020A,28.3
W01000650,Carmarthenshire 002B,46.7
W01001494,Torfaen 008B,12.2
W01001046,Bridgend 018C,8.9
W01000688,Carmarthenshire 003B,55.1
W01001027,Bridgend 017C,9.5
W01000684,Carmarthenshire 005D,51.6
W01000655,Carmarthenshire 020C,28.1
W01000654,Carmarthenshire 023B,24.7
W01000657,Carmarthenshire 010B,59.4
W01001500,Torfaen 011D,9.3
W01000070,Gwynedd 012A,74.3
W01001256,Rhondda Cynon Taf 019C,14.0
W01000979,Bridgend 015A,8.8
W01001651,Newport 002A,9.2
W01001493,Torfaen 008A,9.1
W01001821,Cardiff 024A,9.9
W01000929,Neath Port Talbot 020D,50.7
W01001624,Newport 001B,13.4
W01001331,Caerphilly 018B,16.1
W01001338,Caerphilly 004C,9.3
W01001333,Caerphilly 018D,15.9
W01001330,Caerphilly 018A,15.4
W01001335,Caerphilly 005B,11.5
W01001332,Caerphilly 018C,15.8
W01001337,Caerphilly 004B,11.1
W01001334,Caerphilly 005A,10.5
W01001339,Caerphilly 004D,9.8
W01001006,Bridgend 009C,11.6
W01001861,Cardiff 034D,22.2
W01000329,Flintshire 015D,7.8
W01001846,Cardiff 006C,13.9
W01000585,Pembrokeshire 007B,18.0
W01001467,Blaenau Gwent 005D,8.4
W01001526,Torfaen 010B,10.6
W01000977,Bridgend 003B,7.3
W01000637,Carmarthenshire 007A,34.1
W01001675,Newport 007A,12.1
W01001674,Newport 009E,9.2
W01001676,Newport 007B,9.0
W01001677,Newport 007C,8.9
W01001672,Newport 009C,11.1
W01000428,Powys 005A,9.5
W01001777,Cardiff 001A,9.1
W01000844,Swansea 005F,14.7
W01001418,Caerphilly 008E,11.0
W01000294,Flintshire 005C,11.5
W01000215,Denbighshire 002C,16.5
W01000214,Denbighshire 002B,14.2
W01000295,Flintshire 005D,12.0
W01000217,Denbighshire 008C,19.3
W01000296,Flintshire 003C,10.6
W01001428,Caerphilly 001E,9.4
W01000212,Denbighshire 003A,18.7
W01000703,Carmarthenshire 022A,25.5
W01000702,Carmarthenshire 001D,61.6
W01000784,Swansea 007A,14.8
W01000705,Carmarthenshire 022C,24.6
W01001480,Blaenau Gwent 003E,8.4
W01001401,Caerphilly 011A,9.5
W01001400,Caerphilly 019F,12.0
W01000782,Swansea 023C,7.1
W01000928,Neath Port Talbot 020C,60.0
W01001458,Blaenau Gwent 004E,6.9
W01001459,Blaenau Gwent 007D,8.9
W01000778,Swansea 012C,13.2
W01000779,Swansea 012D,12.9
W01001007,Bridgend 009D,11.5
W01001120,The Vale of Glamorgan 014D,10.2
W01001123,The Vale of Glamorgan 005B,10.8
W01000002,Isle of Anglesey 007B,50.2
W01000636,Carmarthenshire 025B,31.1
W01000771,Swansea 020D,8.3
W01000947,Neath Port Talbot 004C,28.2
W01000946,Neath Port Talbot 004B,34.3
W01001512,Torfaen 005C,7.1
W01001594,Monmouthshire 007E,10.8
W01001514,Torfaen 006A,8.3
W01001515,Torfaen 006B,10.9
W01001596,Monmouthshire 006E,9.0
W01001595,Monmouthshire 007F,8.5
W01000945,Neath Port Talbot 014E,16.0
W01001593,Monmouthshire 008E,10.5
W01000944,Neath Port Talbot 002B,19.1
W01001648,Newport 015G,9.9
W01001649,Newport 004D,9.0
W01000531,Ceredigion 010C,54.7
W01000533,Ceredigion 010D,63.5
W01001589,Monmouthshire 010E,9.9
W01001507,Torfaen 008D,11.2
W01000560,Pembrokeshire 001C,62.5
W01000563,Pembrokeshire 011B,12.4
W01000562,Pembrokeshire 002A,49.7
W01000565,Pembrokeshire 002B,34.3
W01001689,Newport 019D,9.7
W01000113,Gwynedd 009C,78.5
W01001383,Caerphilly 010D,8.4
W01001302,Merthyr Tydfil 006B,8.6
W01001384,Caerphilly 002C,6.6
W01001305,Merthyr Tydfil 003C,8.8
W01001385,Caerphilly 002D,7.0
W01001304,Merthyr Tydfil 006D,12.0
W01001386,Caerphilly 002E,8.3
W01001307,Merthyr Tydfil 004C,7.2
W01001382,Caerphilly 010C,9.1
W01001303,Merthyr Tydfil 006C,9.1
W01001527,Torfaen 010C,6.4
W01000975,Bridgend 004A,7.8
W01000963,Neath Port Talbot 016E,7.9
W01000962,Neath Port Talbot 016D,8.6
W01000965,Neath Port Talbot 002C,22.9
W01000964,Neath Port Talbot 016F,7.8
W01000967,Neath Port Talbot 019C,6.6
W01000966,Neath Port Talbot 018E,6.7
W01001220,Rhondda Cynon Taf 018D,9.9
W01001223,Rhondda Cynon Taf 031C,12.2
W01001225,Rhondda Cynon Taf 031E,15.6
W01001222,Rhondda Cynon Taf 001E,9.8
W01001224,Rhondda Cynon Taf 031D,20.0
W01001221,Rhondda Cynon Taf 001D,11.2
W01000241,Denbighshire 004F,15.8
W01001569,Monmouthshire 003E,8.3
W01001568,Monmouthshire 005C,9.5
W01001122,The Vale of Glamorgan 014F,8.1
W01001125,The Vale of Glamorgan 005D,11.2
W01001908,Monmouthshire 010G,8.9
W01001124,The Vale of Glamorgan 005C,10.2
W01001127,The Vale of Glamorgan 001B,10.8
W01001126,The Vale of Glamorgan 005E,10.9
W01000253,Flintshire 003A,12.3
W01001314,Merthyr Tydfil 005A,9.5
W01000681,Carmarthenshire 011B,56.9
W01001607,Newport 015A,9.9
W01000112,Gwynedd 008D,70.7
W01000503,Powys 020C,17.1
W01001669,Newport 009A,9.8
W01000825,Swansea 031C,9.4
W01000139,Conwy 007A,23.9
W01001829,Cardiff 033A,8.8
W01000003,Isle of Anglesey 001A,64.5
W01000480,Powys 008A,12.0
W01001791,Cardiff 005A,12.3
W01001710,Cardiff 040B,19.7
W01001713,Cardiff 040E,19.1
W01000424,Wrexham 012E,10.5
W01001732,Cardiff 019A,10.9
W01000805,Swansea 028D,12.0
W01000883,Neath Port Talbot 016A,8.0
W01001735,Cardiff 019D,12.0
W01000884,Neath Port Talbot 017A,9.6
W01001734,Cardiff 019C,14.2
W01000885,Neath Port Talbot 017B,7.0
W01000804,Swansea 028C,12.1
W01000807,Swansea 003B,10.8
W01001737,Cardiff 039A,8.2
W01000802,Swansea 007D,15.0
W01001711,Cardiff 040C,10.0
W01001790,Cardiff 023F,10.2
W01000698,Carmarthenshire 015B,68.6
W01000619,Pembrokeshire 016B,11.6
W01000618,Pembrokeshire 003D,24.4
W01000699,Carmarthenshire 015C,54.4
W01001765,Cardiff 044B,10.0
W01001764,Cardiff 044A,8.8
W01001767,Cardiff 044D,11.7
W01001766,Cardiff 044C,12.9
W01001406,Caerphilly 001D,7.8
W01000787,Swansea 016C,9.3
W01001404,Caerphilly 011D,11.0
W01001484,Torfaen 002C,10.4
W01000446,Powys 015D,9.0
W01001427,Caerphilly 024F,15.0
W01001426,Caerphilly 024E,14.1
W01001424,Caerphilly 024C,14.5
W01001365,Caerphilly 012C,14.0
W01001155,Rhondda Cynon Taf 002D,10.0
W01000706,Carmarthenshire 025C,25.7
W01000324,Flintshire 012D,19.0
W01000758,Swansea 017D,9.2
W01000196,Denbighshire 012B,38.3
W01001468,Blaenau Gwent 005E,8.0
W01000509,Ceredigion 009C,58.8
W01000584,Pembrokeshire 014C,11.4
W01001487,Torfaen 001A,12.1
W01000997,Bridgend 012A,7.4
W01000916,Neath Port Talbot 010E,11.8
W01001631,Newport 017C,8.1
W01001630,Newport 017B,6.6
W01001633,Newport 019A,11.0
W01001219,Rhondda Cynon Taf 018C,7.3
W01001298,Merthyr Tydfil 002D,6.6
W01001218,Rhondda Cynon Taf 018B,11.0
W01001299,Merthyr Tydfil 008A,5.4
W01000744,Swansea 016B,7.0
W01000747,Swansea 024A,10.4
W01000950,Neath Port Talbot 018B,10.8
W01000953,Neath Port Talbot 005B,10.6
W01000745,Swansea 025B,6.9
W01000951,Neath Port Talbot 018C,7.8
W01001572,Monmouthshire 011A,11.3
W01001575,Monmouthshire 005D,8.8
W01001574,Monmouthshire 011C,11.0
W01001577,Monmouthshire 004E,8.0
W01001573,Monmouthshire 011B,11.4
W01000819,Swansea 009C,12.5
W01001788,Cardiff 023D,7.0
W01001709,Cardiff 040A,16.5
W01001789,Cardiff 023E,14.3
W01001697,Cardiff 036D,9.8
W01001616,Newport 005C,8.5
W01000479,Powys 009B,14.4
W01000478,Powys 009A,15.3
W01001696,Cardiff 036C,8.6
W01001617,Newport 003A,6.7
W01001758,Cardiff 025D,12.1
W01000868,Swansea 024B,11.3
W01000869,Swansea 024C,10.2
W01000839,Swansea 030C,9.3
W01000838,Swansea 004E,12.5
W01000366,Wrexham 014A,11.0
W01001554,Monmouthshire 004C,5.3
W01001557,Monmouthshire 001C,10.4
W01001556,Monmouthshire 006B,11.3
W01000388,Wrexham 008E,13.0
W01000309,Flintshire 019C,15.7
W01000389,Wrexham 017D,13.5
W01000308,Flintshire 020C,12.2
W01000380,Wrexham 004D,13.6
W01000301,Flintshire 006E,20.7
W01001555,Monmouthshire 006A,11.9
W01001745,Cardiff 043D,11.1
W01001744,Cardiff 043C,8.0
W01001742,Cardiff 043A,8.2
W01001315,Merthyr Tydfil 004D,8.7
W01001280,Rhondda Cynon Taf 017E,9.4
W01001201,Rhondda Cynon Taf 014B,8.9
W01001200,Rhondda Cynon Taf 014A,9.4
W01000351,Wrexham 005A,10.7
W01000350,Wrexham 011B,9.2
W01000353,Wrexham 010B,7.4
W01000352,Wrexham 010A,9.5
W01000355,Wrexham 017B,10.7
W01000354,Wrexham 017A,13.1
W01000356,Wrexham 017C,9.8
W01000069,Gwynedd 013A,47.4
W01000359,Wrexham 019C,11.8
W01000842,Swansea 005D,18.3
W01001023,Bridgend 014C,7.3
W01000440,Powys 020A,12.7
W01001498,Torfaen 011B,9.6
W01000023,Isle of Anglesey 007D,66.9
W01000022,Isle of Anglesey 004A,64.4
W01000025,Isle of Anglesey 009B,75.8
W01000024,Isle of Anglesey 007E,34.6
W01000027,Isle of Anglesey 009C,65.1
W01000026,Isle of Anglesey 005D,48.4
W01000179,Conwy 010F,20.4
W01000178,Conwy 010E,21.8
W01000021,Isle of Anglesey 002C,58.9
W01000020,Isle of Anglesey 002B,64.7
W01000233,Denbighshire 017C,14.9
W01001864,Cardiff 022B,6.8
W01001501,Torfaen 009A,10.0
W01001771,Cardiff 018C,14.4
W01000828,Swansea 018B,12.2
W01000506,Ceredigion 005A,59.9
W01000987,Bridgend 007B,9.6
W01000906,Neath Port Talbot 007A,12.6
W01000986,Bridgend 007A,13.3
W01000907,Neath Port Talbot 007B,11.9
W01000985,Bridgend 015C,10.6
W01000904,Neath Port Talbot 006C,13.2
W01000984,Bridgend 016D,10.5
W01001492,Torfaen 012A,10.5
W01001815,Cardiff 008D,7.6
W01001082,The Vale of Glamorgan 002A,11.8
W01000508,Ceredigion 009B,45.2
W01000905,Neath Port Talbot 006D,11.5
W01000983,Bridgend 015B,9.4
W01000902,Neath Port Talbot 006A,12.7
W01000982,Bridgend 016C,8.4
W01000903,Neath Port Talbot 006B,15.0
W01000900,Neath Port Talbot 014C,14.7
W01000981,Bridgend 016B,10.9
W01000466,Powys 010C,15.7
W01000340,Flintshire 002C,20.7
W01000076,Gwynedd 001B,34.8
W01000049,Gwynedd 016B,39.1
W01000336,Flintshire 009E,11.7
W01000041,Isle of Anglesey 006D,80.7
W01000048,Gwynedd 016A,43.5
W01000043,Isle of Anglesey 004E,58.9
W01000040,Isle of Anglesey 004D,33.8
W01000044,Isle of Anglesey 004F,50.2
W01000042,Isle of Anglesey 008D,59.2
W01000337,Flintshire 009F,9.4
W01000334,Flintshire 009C,8.7
W01000009,Isle of Anglesey 007C,71.2
