"","","","Percentage able to speak Welsh "
"Wales ","","",19
"Wales ","Isle of Anglesey ","",57.2
"","Isle of Anglesey ","W01000001 ",50
"","","W01000002 ",50.2
"","","W01000003 ",64.5
"","","W01000004 ",54.3
"","","W01000005 ",39.5
"","","W01000006 ",73.3
"","","W01000007 ",68.3
"","","W01000008 ",73.2
"","","W01000009 ",71.2
"","","W01000010 ",48.7
"","","W01000011 ",47.4
"","","W01000012 ",80.5
"","","W01000013 ",57.5
"","","W01000014 ",80.8
"","","W01000015 ",70.5
"","","W01000016 ",39.1
"","","W01000017 ",42.9
"","","W01000018 ",52.4
"","","W01000019 ",43.9
"","","W01000020 ",64.7
"","","W01000021 ",58.9
"","","W01000022 ",64.4
"","","W01000023 ",66.9
"","","W01000024 ",34.6
"","","W01000025 ",75.8
"","","W01000026 ",48.4
"","","W01000027 ",65.1
"","","W01000028 ",69.9
"","","W01000029 ",45.3
"","","W01000030 ",40.6
"","","W01000031 ",61.1
"","","W01000032 ",52.3
"","","W01000033 ",40.4
"","","W01000034 ",50.4
"","","W01000035 ",54.8
"","","W01000036 ",39.8
"","","W01000037 ",39.6
"","","W01000038 ",59.3
"","","W01000039 ",42.9
"","","W01000040 ",33.8
"","","W01000041 ",80.7
"","","W01000042 ",59.2
"","","W01000043 ",58.9
"","","W01000044 ",50.2
"","Gwynedd ","",65.4
"","Gwynedd ","W01000047 ",79.8
"","","W01000048 ",43.5
"","","W01000049 ",39.1
"","","W01000050 ",61.9
"","","W01000051 ",78.5
"","","W01000052 ",87.3
"","","W01000053 ",73.1
"","","W01000054 ",82.6
"","","W01000056 ",78.2
"","","W01000057 ",63.2
"","","W01000059 ",86.2
"","","W01000060 ",55.8
"","","W01000061 ",64.2
"","","W01000062 ",22.8
"","","W01000063 ",74.4
"","","W01000064 ",52.6
"","","W01000065 ",79.3
"","","W01000066 ",67.6
"","","W01000067 ",61.8
"","","W01000068 ",67.1
"","","W01000069 ",47.4
"","","W01000070 ",74.3
"","","W01000071 ",73.7
"","","W01000072 ",51.7
"","","W01000073 ",81.3
"","","W01000074 ",54.1
"","","W01000075 ",45.3
"","","W01000076 ",34.8
"","","W01000077 ",35.2
"","","W01000078 ",73.8
"","","W01000079 ",50.8
"","","W01000080 ",49.3
"","","W01000081 ",74.7
"","","W01000082 ",67.1
"","","W01000083 ",79.2
"","","W01000084 ",63.4
"","","W01000085 ",35.9
"","","W01000086 ",74.4
"","","W01000087 ",87.8
"","","W01000088 ",81.6
"","","W01000089 ",77
"","","W01000090 ",51.9
"","","W01000091 ",48.1
"","","W01000092 ",18.6
"","","W01000093 ",83.9
"","","W01000094 ",72
"","","W01000095 ",76.1
"","","W01000096 ",83
"","","W01000097 ",79.3
"","","W01000098 ",87.4
"","","W01000099 ",70.6
"","","W01000100 ",72.3
"","","W01000101 ",76.5
"","","W01000102 ",58.1
"","","W01000103 ",59.3
"","","W01000104 ",86.8
"","","W01000105 ",80.1
"","","W01000106 ",57
"","","W01000107 ",66.8
"","","W01000108 ",79.1
"","","W01000109 ",78.3
"","","W01000110 ",90
"","","W01000111 ",80.6
"","","W01000112 ",70.7
"","","W01000113 ",78.5
"","","W01000114 ",73.1
"","","W01000115 ",69
"","","W01000116 ",35.8
"","","W01000117 ",39.3
"","","W01000118 ",75.8
"","","W01000119 ",64.3
"","","W01001932 ",74.7
"","","W01001933 ",42.6
"","Conwy ","",27.4
"","Conwy ","W01000121 ",50.3
"","","W01000122 ",45.4
"","","W01000123 ",45
"","","W01000124 ",41.9
"","","W01000125 ",33.3
"","","W01000126 ",22.9
"","","W01000127 ",18.6
"","","W01000128 ",20.1
"","","W01000129 ",27.3
"","","W01000130 ",27.5
"","","W01000131 ",30.9
"","","W01000132 ",17.9
"","","W01000133 ",19.4
"","","W01000134 ",59.6
"","","W01000135 ",22.5
"","","W01000136 ",23
"","","W01000137 ",54.3
"","","W01000138 ",23
"","","W01000139 ",23.9
"","","W01000140 ",22.5
"","","W01000141 ",21.9
"","","W01000142 ",23.6
"","","W01000143 ",18.1
"","","W01000144 ",16.5
"","","W01000145 ",25.3
"","","W01000146 ",15.3
"","","W01000147 ",16.9
"","","W01000148 ",63.5
"","","W01000149 ",8.5
"","","W01000150 ",12.6
"","","W01000151 ",13.6
"","","W01000152 ",11.2
"","","W01000153 ",20.5
"","","W01000154 ",19.7
"","","W01000155 ",18.1
"","","W01000156 ",15.8
"","","W01000157 ",17.1
"","","W01000158 ",21.1
"","","W01000159 ",65.8
"","","W01000162 ",63
"","","W01000163 ",20.4
"","","W01000164 ",21.7
"","","W01000165 ",30.8
"","","W01000166 ",28.7
"","","W01000167 ",22.5
"","","W01000168 ",20.9
"","","W01000169 ",15.9
"","","W01000170 ",48.4
"","","W01000171 ",31.7
"","","W01000172 ",37.2
"","","W01000173 ",23
"","","W01000174 ",23.7
"","","W01000175 ",22
"","","W01000176 ",28.1
"","","W01000177 ",28.9
"","","W01000178 ",21.8
"","","W01000179 ",20.4
"","","W01000180 ",16.3
"","","W01000181 ",20.6
"","","W01000182 ",14.8
"","","W01000183 ",15.7
"","","W01000184 ",10.8
"","","W01000185 ",45.6
"","","W01000186 ",20.4
"","","W01000187 ",25.4
"","","W01000188 ",24.7
"","","W01000189 ",60.7
"","","W01000190 ",70.8
"","","W01001926 ",35.8
"","","W01001927 ",12.6
"","","W01001928 ",10.3
"","Denbighshire ","",24.6
"","Denbighshire ","W01000191 ",17.9
"","","W01000192 ",45.4
"","","W01000193 ",49.7
"","","W01000194 ",31.3
"","","W01000195 ",45.4
"","","W01000196 ",38.3
"","","W01000197 ",37.5
"","","W01000198 ",26.5
"","","W01000199 ",38.1
"","","W01000200 ",23.2
"","","W01000201 ",16.8
"","","W01000202 ",53.7
"","","W01000203 ",24.1
"","","W01000204 ",33.8
"","","W01000205 ",59.2
"","","W01000206 ",37.5
"","","W01000207 ",48.3
"","","W01000208 ",20.8
"","","W01000209 ",20
"","","W01000210 ",19.5
"","","W01000211 ",50
"","","W01000212 ",18.7
"","","W01000213 ",15.1
"","","W01000214 ",14.2
"","","W01000215 ",16.5
"","","W01000216 ",16.7
"","","W01000217 ",19.3
"","","W01000218 ",12.7
"","","W01000219 ",15.2
"","","W01000220 ",8.3
"","","W01000221 ",11.9
"","","W01000222 ",13.9
"","","W01000223 ",18
"","","W01000224 ",18.2
"","","W01000225 ",22
"","","W01000226 ",11.7
"","","W01000227 ",13.3
"","","W01000228 ",14.4
"","","W01000229 ",13.8
"","","W01000230 ",17.2
"","","W01000231 ",14.9
"","","W01000232 ",17
"","","W01000233 ",14.9
"","","W01000234 ",12.3
"","","W01000235 ",17.4
"","","W01000236 ",10.8
"","","W01000237 ",14.6
"","","W01000238 ",16
"","","W01000239 ",12.9
"","","W01000240 ",9.4
"","","W01000241 ",15.8
"","","W01000242 ",37.8
"","","W01000243 ",38.4
"","","W01000244 ",49.4
"","","W01000245 ",26.3
"","","W01000246 ",19.5
"","","W01000247 ",28.5
"","","W01000248 ",27.8
"","Flintshire ","",13.2
"","Flintshire ","W01000249 ",16.7
"","","W01000250 ",15.3
"","","W01000251 ",11.7
"","","W01000252 ",7.7
"","","W01000253 ",12.3
"","","W01000254 ",13.5
"","","W01000255 ",8.5
"","","W01000256 ",10.1
"","","W01000257 ",8.7
"","","W01000258 ",17.5
"","","W01000259 ",9.6
"","","W01000260 ",9.1
"","","W01000261 ",11
"","","W01000262 ",10.4
"","","W01000263 ",8.4
"","","W01000264 ",11.7
"","","W01000265 ",11.4
"","","W01000266 ",10.7
"","","W01000267 ",10.4
"","","W01000268 ",11.5
"","","W01000269 ",12.6
"","","W01000270 ",21.2
"","","W01000271 ",19.4
"","","W01000272 ",16.9
"","","W01000273 ",10
"","","W01000274 ",7.5
"","","W01000275 ",12.2
"","","W01000276 ",12.1
"","","W01000277 ",11.2
"","","W01000278 ",9
"","","W01000279 ",7.5
"","","W01000280 ",9
"","","W01000281 ",9.4
"","","W01000282 ",13.9
"","","W01000283 ",9.1
"","","W01000284 ",11.4
"","","W01000285 ",8.6
"","","W01000286 ",12.3
"","","W01000287 ",22.9
"","","W01000288 ",11.6
"","","W01000289 ",12.6
"","","W01000290 ",10
"","","W01000291 ",13.6
"","","W01000292 ",13.3
"","","W01000293 ",12.7
"","","W01000294 ",11.5
"","","W01000295 ",12
"","","W01000296 ",10.6
"","","W01000297 ",12.2
"","","W01000298 ",15.9
"","","W01000299 ",15.4
"","","W01000300 ",19.5
"","","W01000301 ",20.7
"","","W01000302 ",10.3
"","","W01000303 ",11.5
"","","W01000304 ",12.7
"","","W01000305 ",15.7
"","","W01000306 ",17
"","","W01000307 ",14.4
"","","W01000308 ",12.2
"","","W01000309 ",15.7
"","","W01000310 ",14.8
"","","W01000311 ",11.3
"","","W01000312 ",7.7
"","","W01000313 ",19.7
"","","W01000314 ",16.7
"","","W01000315 ",17.7
"","","W01000316 ",28.6
"","","W01000317 ",32.5
"","","W01000318 ",15.5
"","","W01000319 ",17.5
"","","W01000320 ",18.2
"","","W01000321 ",12.9
"","","W01000322 ",14.3
"","","W01000323 ",15.3
"","","W01000324 ",19
"","","W01000325 ",12.1
"","","W01000326 ",10.7
"","","W01000327 ",11.1
"","","W01000328 ",9
"","","W01000329 ",7.8
"","","W01000330 ",6.7
"","","W01000331 ",5.3
"","","W01000332 ",6.1
"","","W01000333 ",9
"","","W01000334 ",8.7
"","","W01000335 ",7.5
"","","W01000336 ",11.7
"","","W01000337 ",9.4
"","","W01000338 ",26.2
"","","W01000339 ",24.4
"","","W01000340 ",20.7
"","Wrexham ","",12.9
"","Wrexham ","W01000341 ",10.8
"","","W01000342 ",10.1
"","","W01000343 ",10.5
"","","W01000344 ",9.3
"","","W01000345 ",8.5
"","","W01000346 ",8.6
"","","W01000347 ",14.2
"","","W01000348 ",12.2
"","","W01000349 ",13.1
"","","W01000350 ",9.2
"","","W01000351 ",10.7
"","","W01000352 ",9.5
"","","W01000353 ",7.4
"","","W01000354 ",13.1
"","","W01000355 ",10.7
"","","W01000356 ",9.8
"","","W01000359 ",11.8
"","","W01000360 ",10.7
"","","W01000361 ",10.1
"","","W01000362 ",15.8
"","","W01000363 ",18.7
"","","W01000364 ",20.3
"","","W01000365 ",14.1
"","","W01000366 ",11
"","","W01000367 ",10.7
"","","W01000368 ",13.3
"","","W01000369 ",10.5
"","","W01000370 ",9.9
"","","W01000371 ",11.3
"","","W01000372 ",11.2
"","","W01000373 ",10.9
"","","W01000374 ",12.4
"","","W01000375 ",11.2
"","","W01000376 ",9.6
"","","W01000377 ",11.5
"","","W01000378 ",12.1
"","","W01000379 ",10.8
"","","W01000380 ",13.6
"","","W01000381 ",11.4
"","","W01000382 ",14.3
"","","W01000383 ",11.1
"","","W01000384 ",8.9
"","","W01000385 ",17.9
"","","W01000386 ",14.7
"","","W01000387 ",16.1
"","","W01000388 ",13
"","","W01000389 ",13.5
"","","W01000390 ",9.6
"","","W01000391 ",11.8
"","","W01000392 ",11.5
"","","W01000393 ",12.5
"","","W01000394 ",11.4
"","","W01000395 ",8.1
"","","W01000396 ",9.6
"","","W01000397 ",11.4
"","","W01000398 ",17.7
"","","W01000399 ",17.9
"","","W01000400 ",9.7
"","","W01000401 ",11.8
"","","W01000402 ",10.6
"","","W01000403 ",6.6
"","","W01000404 ",9.8
"","","W01000405 ",26.6
"","","W01000406 ",19.6
"","","W01000407 ",12.4
"","","W01000408 ",18.2
"","","W01000409 ",11.4
"","","W01000410 ",27.4
"","","W01000411 ",26.5
"","","W01000412 ",30.6
"","","W01000413 ",8.6
"","","W01000414 ",8.6
"","","W01000415 ",9.6
"","","W01000416 ",9.6
"","","W01000417 ",8.4
"","","W01000418 ",8.5
"","","W01000419 ",15.1
"","","W01000420 ",12
"","","W01000422 ",10.8
"","","W01000423 ",14.1
"","","W01000424 ",10.5
"","","W01000425 ",7.7
"","","W01001929 ",7.5
"","","W01001930 ",31.2
"","","W01001931 ",9
"","Powys ","",18.6
"","Powys ","W01000426 ",38.6
"","","W01000427 ",10
"","","W01000428 ",9.5
"","","W01000429 ",23.4
"","","W01000430 ",9.7
"","","W01000431 ",15.8
"","","W01000432 ",15.3
"","","W01000433 ",25.9
"","","W01000434 ",4.3
"","","W01000438 ",11.3
"","","W01000439 ",13.9
"","","W01000440 ",12.7
"","","W01000441 ",10.9
"","","W01000442 ",57.8
"","","W01000443 ",8.7
"","","W01000444 ",15.6
"","","W01000445 ",10
"","","W01000446 ",9
"","","W01000447 ",12.9
"","","W01000448 ",8.5
"","","W01000449 ",8.5
"","","W01000450 ",13.8
"","","W01000451 ",11.6
"","","W01000452 ",52.3
"","","W01000453 ",14.2
"","","W01000454 ",11.4
"","","W01000455 ",14.1
"","","W01000456 ",11.4
"","","W01000457 ",10.8
"","","W01000458 ",11.1
"","","W01000459 ",13.9
"","","W01000460 ",36
"","","W01000461 ",34.1
"","","W01000464 ",8
"","","W01000465 ",11.3
"","","W01000466 ",15.7
"","","W01000467 ",15.3
"","","W01000470 ",19.7
"","","W01000471 ",16.8
"","","W01000472 ",11.4
"","","W01000473 ",51.6
"","","W01000474 ",25.7
"","","W01000475 ",32.7
"","","W01000476 ",12.4
"","","W01000477 ",12.2
"","","W01000478 ",15.3
"","","W01000479 ",14.4
"","","W01000480 ",12
"","","W01000481 ",14.9
"","","W01000482 ",16.7
"","","W01000483 ",15.3
"","","W01000484 ",6.8
"","","W01000485 ",8
"","","W01000486 ",11.1
"","","W01000487 ",11.8
"","","W01000488 ",22.1
"","","W01000489 ",11.2
"","","W01000492 ",12.9
"","","W01000493 ",13
"","","W01000494 ",11.8
"","","W01000496 ",24.4
"","","W01000497 ",14.7
"","","W01000498 ",9.9
"","","W01000499 ",10.9
"","","W01000500 ",12.5
"","","W01000501 ",14.3
"","","W01000502 ",45.9
"","","W01000503 ",17.1
"","","W01000504 ",34.6
"","","W01000505 ",44.3
"","","W01001897 ",13.1
"","","W01001899 ",46.2
"","","W01001901 ",13.7
"","","W01001902 ",12.6
"","","W01001903 ",8.3
"","","W01001904 ",9.4
"","","W01001905 ",11.4
"","","W01001906 ",42.1
"","","W01001907 ",29.5
"","Ceredigion ","",47.3
"","Ceredigion ","W01000506 ",59.9
"","","W01000507 ",43.6
"","","W01000508 ",45.2
"","","W01000509 ",58.8
"","","W01000510 ",55.8
"","","W01000511 ",46.9
"","","W01000512 ",36.5
"","","W01000513 ",26.6
"","","W01000515 ",37.2
"","","W01000516 ",35.8
"","","W01000517 ",27.3
"","","W01000518 ",34.2
"","","W01000519 ",52.9
"","","W01000522 ",50.7
"","","W01000523 ",52.9
"","","W01000524 ",54
"","","W01000525 ",46.5
"","","W01000527 ",36.5
"","","W01000528 ",57.8
"","","W01000529 ",50.7
"","","W01000531 ",54.7
"","","W01000532 ",50.8
"","","W01000533 ",63.5
"","","W01000534 ",54
"","","W01000535 ",56.9
"","","W01000536 ",54.9
"","","W01000537 ",49
"","","W01000538 ",57.7
"","","W01000539 ",50
"","","W01000540 ",53.3
"","","W01000541 ",59.2
"","","W01000542 ",54.3
"","","W01000543 ",49.4
"","","W01000544 ",41.5
"","","W01000545 ",48.5
"","","W01000546 ",49.3
"","","W01000547 ",60.4
"","","W01000548 ",54.8
"","","W01000549 ",56.5
"","","W01000550 ",66.9
"","","W01000551 ",50.9
"","","W01000552 ",58.3
"","","W01001934 ",23.1
"","","W01001935 ",39.2
"","","W01001936 ",24.4
"","","W01001937 ",40.6
"","Pembrokeshire ","",19.2
"","Pembrokeshire ","W01000553 ",11.6
"","","W01000554 ",12
"","","W01000555 ",16.5
"","","W01000556 ",16.2
"","","W01000557 ",12.1
"","","W01000558 ",51.7
"","","W01000559 ",55.9
"","","W01000560 ",62.5
"","","W01000561 ",58.3
"","","W01000562 ",49.7
"","","W01000563 ",12.4
"","","W01000564 ",12
"","","W01000565 ",34.3
"","","W01000566 ",35
"","","W01000567 ",28.5
"","","W01000568 ",15.6
"","","W01000569 ",12.7
"","","W01000570 ",14.7
"","","W01000571 ",13.7
"","","W01000572 ",16.1
"","","W01000573 ",13.5
"","","W01000574 ",11.2
"","","W01000575 ",11.4
"","","W01000576 ",10.9
"","","W01000577 ",22.8
"","","W01000578 ",10.2
"","","W01000579 ",37.8
"","","W01000580 ",12.8
"","","W01000581 ",42.1
"","","W01000582 ",45.1
"","","W01000583 ",51.3
"","","W01000584 ",11.4
"","","W01000585 ",18
"","","W01000586 ",14.4
"","","W01000587 ",7.5
"","","W01000588 ",9.9
"","","W01000589 ",8.7
"","","W01000590 ",7.3
"","","W01000591 ",10.5
"","","W01000592 ",8.9
"","","W01000593 ",9.3
"","","W01000594 ",9.1
"","","W01000595 ",21.8
"","","W01000596 ",17.2
"","","W01000597 ",42.8
"","","W01000598 ",10.7
"","","W01000599 ",10.9
"","","W01000600 ",9.2
"","","W01000601 ",8.8
"","","W01000602 ",9
"","","W01000603 ",9.5
"","","W01000604 ",9.7
"","","W01000605 ",9.1
"","","W01000606 ",10.2
"","","W01000607 ",10.3
"","","W01000608 ",10.5
"","","W01000609 ",11.2
"","","W01000610 ",12.4
"","","W01000611 ",18.9
"","","W01000612 ",29
"","","W01000613 ",46.1
"","","W01000614 ",8.7
"","","W01000615 ",10.1
"","","W01000616 ",11
"","","W01000617 ",36.4
"","","W01000618 ",24.4
"","","W01000619 ",11.6
"","","W01000620 ",7.7
"","","W01000621 ",10.5
"","","W01000622 ",13.5
"","","W01000623 ",23.9
"","Carmarthenshire ","",43.9
"","Carmarthenshire ","W01000624 ",55.7
"","","W01000625 ",48.6
"","","W01000626 ",51
"","","W01000627 ",53.4
"","","W01000628 ",26.1
"","","W01000629 ",25.8
"","","W01000630 ",25.1
"","","W01000631 ",15.6
"","","W01000632 ",32.7
"","","W01000633 ",28.9
"","","W01000634 ",35.1
"","","W01000635 ",30.8
"","","W01000636 ",31.1
"","","W01000637 ",34.1
"","","W01000638 ",30.4
"","","W01000639 ",37.9
"","","W01000640 ",47.9
"","","W01000641 ",35.5
"","","W01000642 ",41.4
"","","W01000643 ",31.6
"","","W01000644 ",38.8
"","","W01000645 ",41.1
"","","W01000646 ",48.8
"","","W01000647 ",46
"","","W01000648 ",52.6
"","","W01000649 ",56
"","","W01000650 ",46.7
"","","W01000651 ",28.3
"","","W01000652 ",25.8
"","","W01000653 ",33.2
"","","W01000654 ",24.7
"","","W01000655 ",28.1
"","","W01000656 ",58.5
"","","W01000657 ",59.4
"","","W01000658 ",60.1
"","","W01000659 ",18.8
"","","W01000660 ",22.1
"","","W01000662 ",58.9
"","","W01000663 ",67.2
"","","W01000664 ",60.2
"","","W01000665 ",43.2
"","","W01000666 ",44.5
"","","W01000667 ",32.5
"","","W01000670 ",43.3
"","","W01000671 ",45.3
"","","W01000672 ",24.2
"","","W01000673 ",20.1
"","","W01000674 ",48.7
"","","W01000675 ",57.8
"","","W01000676 ",52.4
"","","W01000677 ",48.1
"","","W01000678 ",38.8
"","","W01000679 ",42
"","","W01000680 ",57.1
"","","W01000681 ",56.9
"","","W01000682 ",60.4
"","","W01000683 ",44.6
"","","W01000684 ",51.6
"","","W01000685 ",56.8
"","","W01000686 ",58.2
"","","W01000687 ",55.7
"","","W01000688 ",55.1
"","","W01000689 ",53.8
"","","W01000690 ",43.5
"","","W01000691 ",37.6
"","","W01000692 ",38.4
"","","W01000693 ",50.5
"","","W01000694 ",45.9
"","","W01000695 ",56.4
"","","W01000696 ",61.1
"","","W01000697 ",67.8
"","","W01000698 ",68.6
"","","W01000699 ",54.4
"","","W01000700 ",44.2
"","","W01000701 ",56.4
"","","W01000702 ",61.6
"","","W01000703 ",25.5
"","","W01000704 ",35.4
"","","W01000705 ",24.6
"","","W01000706 ",25.7
"","","W01000707 ",29.6
"","","W01000708 ",22.8
"","","W01000709 ",48.2
"","","W01000710 ",34.9
"","","W01000711 ",26.8
"","","W01000712 ",59.1
"","","W01000713 ",65.6
"","","W01000714 ",50.6
"","","W01000715 ",55.7
"","","W01000716 ",65.8
"","","W01000717 ",68.8
"","","W01000718 ",71.8
"","","W01000719 ",65.8
"","","W01000720 ",46.6
"","","W01000721 ",54.7
"","","W01000722 ",56.8
"","","W01000723 ",41
"","","W01000724 ",54.1
"","","W01000725 ",54.7
"","","W01000726 ",36.1
"","","W01000727 ",28.7
"","","W01000728 ",53.5
"","","W01000729 ",55.2
"","","W01000730 ",45.7
"","","W01000731 ",47.1
"","","W01000732 ",19.4
"","","W01000733 ",22.9
"","","W01000734 ",22.3
"","","W01000735 ",42.4
"","","W01001923 ",18.7
"","","W01001924 ",16.6
"","","W01001925 ",32.9
"","Swansea ","",11.4
"","Swansea ","W01000736 ",8.4
"","","W01000737 ",8.4
"","","W01000738 ",6.7
"","","W01000739 ",7.9
"","","W01000740 ",10.3
"","","W01000741 ",10.4
"","","W01000742 ",4.9
"","","W01000744 ",7
"","","W01000745 ",6.9
"","","W01000746 ",7.8
"","","W01000747 ",10.4
"","","W01000749 ",7.6
"","","W01000750 ",20.3
"","","W01000751 ",26.5
"","","W01000752 ",14.3
"","","W01000753 ",20.1
"","","W01000754 ",20.5
"","","W01000755 ",8.4
"","","W01000756 ",9.7
"","","W01000757 ",10.1
"","","W01000758 ",9.2
"","","W01000759 ",13
"","","W01000760 ",12.8
"","","W01000761 ",9.1
"","","W01000762 ",6.3
"","","W01000763 ",6.5
"","","W01000764 ",6.1
"","","W01000765 ",6.4
"","","W01000766 ",8.4
"","","W01000767 ",6.2
"","","W01000768 ",7.1
"","","W01000769 ",8.6
"","","W01000770 ",6.8
"","","W01000771 ",8.3
"","","W01000772 ",11.7
"","","W01000773 ",12
"","","W01000774 ",14.1
"","","W01000775 ",8.5
"","","W01000776 ",11.4
"","","W01000777 ",13.3
"","","W01000778 ",13.2
"","","W01000779 ",12.9
"","","W01000781 ",10.1
"","","W01000782 ",7.1
"","","W01000784 ",14.8
"","","W01000785 ",18.1
"","","W01000786 ",18
"","","W01000787 ",9.3
"","","W01000788 ",6.1
"","","W01000789 ",4.7
"","","W01000790 ",4.9
"","","W01000791 ",13.3
"","","W01000792 ",20.1
"","","W01000793 ",16.9
"","","W01000794 ",15.5
"","","W01000795 ",16.1
"","","W01000796 ",15.9
"","","W01000797 ",14.5
"","","W01000798 ",11.5
"","","W01000799 ",10.6
"","","W01000800 ",16.3
"","","W01000801 ",8.7
"","","W01000802 ",15
"","","W01000803 ",38.3
"","","W01000804 ",12.1
"","","W01000805 ",12
"","","W01000806 ",12.7
"","","W01000807 ",10.8
"","","W01000808 ",11.5
"","","W01000809 ",11.9
"","","W01000810 ",8.2
"","","W01000811 ",8.7
"","","W01000812 ",10.1
"","","W01000813 ",13.5
"","","W01000814 ",9.7
"","","W01000815 ",19.9
"","","W01000816 ",12.2
"","","W01000817 ",8.9
"","","W01000818 ",9.5
"","","W01000819 ",12.5
"","","W01000820 ",11.3
"","","W01000821 ",7
"","","W01000822 ",9.8
"","","W01000823 ",9.8
"","","W01000824 ",10.5
"","","W01000825 ",9.4
"","","W01000826 ",11.2
"","","W01000827 ",10.2
"","","W01000828 ",12.2
"","","W01000829 ",17.3
"","","W01000830 ",5.4
"","","W01000831 ",7.3
"","","W01000832 ",6.9
"","","W01000833 ",5.6
"","","W01000834 ",12.2
"","","W01000835 ",7.3
"","","W01000836 ",7.5
"","","W01000837 ",17.5
"","","W01000838 ",12.5
"","","W01000839 ",9.3
"","","W01000840 ",10.6
"","","W01000841 ",12.5
"","","W01000842 ",18.3
"","","W01000843 ",14.5
"","","W01000844 ",14.7
"","","W01000845 ",35.2
"","","W01000846 ",32.6
"","","W01000847 ",32.9
"","","W01000848 ",22.5
"","","W01000849 ",6.2
"","","W01000850 ",6.5
"","","W01000851 ",7
"","","W01000852 ",7.2
"","","W01000853 ",10.3
"","","W01000854 ",10.8
"","","W01000855 ",10.9
"","","W01000856 ",9.2
"","","W01000857 ",9.3
"","","W01000858 ",11.8
"","","W01000859 ",12.9
"","","W01000860 ",14.1
"","","W01000861 ",9.8
"","","W01000862 ",6.6
"","","W01000863 ",5.4
"","","W01000864 ",5.4
"","","W01000865 ",6.1
"","","W01000866 ",5
"","","W01000867 ",6.4
"","","W01000868 ",11.3
"","","W01000869 ",10.2
"","","W01000870 ",10.9
"","","W01000871 ",10
"","","W01000872 ",15.9
"","","W01000873 ",9.4
"","","W01000874 ",10.3
"","","W01000875 ",10.4
"","","W01000876 ",9.2
"","","W01000877 ",17.3
"","","W01000878 ",16.2
"","","W01000879 ",10
"","","W01000880 ",8.8
"","","W01000881 ",6.6
"","","W01000882 ",7.1
"","","W01001938 ",6.7
"","","W01001955 ",5
"","","W01001956 ",8.1
"","","W01001957 ",8.2
"","","W01001958 ",8.3
"","Neath Port Talbot ","",15.3
"","Neath Port Talbot ","W01000883 ",8
"","","W01000884 ",9.6
"","","W01000885 ",7
"","","W01000886 ",7
"","","W01000887 ",13.5
"","","W01000888 ",29.5
"","","W01000889 ",8.3
"","","W01000890 ",8.4
"","","W01000891 ",7.5
"","","W01000892 ",9.3
"","","W01000893 ",14.8
"","","W01000894 ",9.1
"","","W01000895 ",8.1
"","","W01000896 ",11.4
"","","W01000897 ",7
"","","W01000898 ",15.7
"","","W01000899 ",16.2
"","","W01000900 ",14.7
"","","W01000901 ",18
"","","W01000902 ",12.7
"","","W01000903 ",15
"","","W01000904 ",13.2
"","","W01000905 ",11.5
"","","W01000906 ",12.6
"","","W01000907 ",11.9
"","","W01000908 ",12.8
"","","W01000909 ",8.5
"","","W01000910 ",8.7
"","","W01000911 ",10.2
"","","W01000912 ",12.3
"","","W01000913 ",10.5
"","","W01000914 ",10.3
"","","W01000915 ",11.1
"","","W01000916 ",11.8
"","","W01000917 ",12.3
"","","W01000918 ",25.1
"","","W01000919 ",58.8
"","","W01000920 ",8.6
"","","W01000921 ",5.4
"","","W01000922 ",10.3
"","","W01000923 ",12.6
"","","W01000924 ",6.2
"","","W01000925 ",16.3
"","","W01000926 ",24.5
"","","W01000927 ",30.1
"","","W01000928 ",60
"","","W01000929 ",50.7
"","","W01000930 ",7
"","","W01000931 ",60.8
"","","W01000932 ",6.4
"","","W01000933 ",12.1
"","","W01000934 ",8.2
"","","W01000935 ",8.5
"","","W01000936 ",6.9
"","","W01000937 ",8.6
"","","W01000938 ",12.3
"","","W01000939 ",9.1
"","","W01000940 ",8
"","","W01000941 ",9.3
"","","W01000942 ",7.3
"","","W01000943 ",11.3
"","","W01000944 ",19.1
"","","W01000945 ",16
"","","W01000946 ",34.3
"","","W01000947 ",28.2
"","","W01000948 ",31.3
"","","W01000949 ",10.5
"","","W01000950 ",10.8
"","","W01000951 ",7.8
"","","W01000952 ",9
"","","W01000953 ",10.6
"","","W01000954 ",11.9
"","","W01000955 ",26.6
"","","W01000956 ",22.6
"","","W01000957 ",6.9
"","","W01000958 ",7.3
"","","W01000959 ",8.9
"","","W01000960 ",7
"","","W01000961 ",8
"","","W01000962 ",8.6
"","","W01000963 ",7.9
"","","W01000964 ",7.8
"","","W01000965 ",22.9
"","","W01000966 ",6.7
"","","W01000967 ",6.6
"","","W01000968 ",9.1
"","","W01000969 ",13.6
"","","W01000970 ",10.2
"","","W01000971 ",33.6
"","","W01000973 ",47.3
"","","W01001900 ",44.7
"","Bridgend ","",9.7
"","Bridgend ","W01000974 ",8.7
"","","W01000975 ",7.8
"","","W01000976 ",7.7
"","","W01000977 ",7.3
"","","W01000978 ",9.8
"","","W01000979 ",8.8
"","","W01000980 ",9.3
"","","W01000981 ",10.9
"","","W01000982 ",8.4
"","","W01000983 ",9.4
"","","W01000984 ",10.5
"","","W01000985 ",10.6
"","","W01000986 ",13.3
"","","W01000987 ",9.6
"","","W01000989 ",13
"","","W01000990 ",9.3
"","","W01000991 ",8
"","","W01000992 ",8
"","","W01000993 ",9.2
"","","W01000994 ",11.6
"","","W01000995 ",10.6
"","","W01000996 ",8.1
"","","W01000997 ",7.4
"","","W01000998 ",7.5
"","","W01000999 ",9.1
"","","W01001000 ",10.9
"","","W01001001 ",11.7
"","","W01001002 ",9.6
"","","W01001003 ",9.1
"","","W01001004 ",8.9
"","","W01001005 ",11.8
"","","W01001006 ",11.6
"","","W01001007 ",11.5
"","","W01001008 ",9.5
"","","W01001009 ",8.2
"","","W01001010 ",10.4
"","","W01001011 ",7.7
"","","W01001012 ",15.8
"","","W01001013 ",11.3
"","","W01001014 ",10.4
"","","W01001015 ",11.3
"","","W01001016 ",10.3
"","","W01001017 ",16
"","","W01001018 ",12.4
"","","W01001019 ",13.2
"","","W01001020 ",10.6
"","","W01001021 ",7.7
"","","W01001022 ",10.6
"","","W01001023 ",7.3
"","","W01001024 ",7.2
"","","W01001025 ",9.2
"","","W01001026 ",6.1
"","","W01001027 ",9.5
"","","W01001028 ",10.5
"","","W01001029 ",9.1
"","","W01001030 ",7.4
"","","W01001031 ",8.1
"","","W01001032 ",8.7
"","","W01001033 ",7.1
"","","W01001034 ",6.3
"","","W01001035 ",6.8
"","","W01001036 ",12.7
"","","W01001037 ",9.8
"","","W01001038 ",9.5
"","","W01001039 ",10.6
"","","W01001040 ",11.6
"","","W01001041 ",11.9
"","","W01001042 ",11.6
"","","W01001043 ",11.4
"","","W01001044 ",7
"","","W01001045 ",8.2
"","","W01001046 ",8.9
"","","W01001047 ",9.7
"","","W01001048 ",9.3
"","","W01001049 ",7.6
"","","W01001050 ",8.9
"","","W01001051 ",10.1
"","","W01001052 ",8.5
"","","W01001053 ",8.4
"","","W01001054 ",10.2
"","","W01001055 ",8.5
"","","W01001056 ",8.8
"","","W01001057 ",9.1
"","","W01001058 ",8.8
"","","W01001918 ",11.8
"","","W01001919 ",13.7
"","","W01001920 ",10.8
"","","W01001921 ",13.2
"","The Vale of Glamorgan ","",10.8
"","The Vale of Glamorgan ","W01001059 ",13.8
"","","W01001060 ",14.5
"","","W01001061 ",11.7
"","","W01001062 ",14.6
"","","W01001063 ",12
"","","W01001064 ",11.6
"","","W01001065 ",12.2
"","","W01001066 ",11.6
"","","W01001067 ",9.3
"","","W01001068 ",10.3
"","","W01001069 ",12
"","","W01001070 ",11.3
"","","W01001071 ",9.3
"","","W01001072 ",12.2
"","","W01001073 ",8.6
"","","W01001075 ",12.9
"","","W01001076 ",11.5
"","","W01001077 ",8.3
"","","W01001078 ",11.8
"","","W01001079 ",10.5
"","","W01001080 ",11.2
"","","W01001081 ",10.4
"","","W01001082 ",11.8
"","","W01001083 ",13.4
"","","W01001084 ",11.2
"","","W01001085 ",11.3
"","","W01001086 ",11.9
"","","W01001087 ",10
"","","W01001088 ",8.1
"","","W01001089 ",8.8
"","","W01001090 ",11.5
"","","W01001091 ",11.1
"","","W01001092 ",10.9
"","","W01001093 ",10.6
"","","W01001094 ",11.2
"","","W01001095 ",9.3
"","","W01001096 ",9.4
"","","W01001097 ",9.3
"","","W01001098 ",9
"","","W01001099 ",11.2
"","","W01001100 ",11
"","","W01001101 ",11.7
"","","W01001102 ",11.8
"","","W01001103 ",11.3
"","","W01001104 ",8.4
"","","W01001105 ",14.8
"","","W01001106 ",10
"","","W01001107 ",6.9
"","","W01001108 ",9.1
"","","W01001109 ",9.1
"","","W01001110 ",11.1
"","","W01001111 ",8.5
"","","W01001112 ",12.4
"","","W01001113 ",12.6
"","","W01001114 ",12
"","","W01001115 ",10.1
"","","W01001116 ",12.4
"","","W01001117 ",9.2
"","","W01001118 ",10.8
"","","W01001119 ",11.4
"","","W01001120 ",10.2
"","","W01001121 ",7.8
"","","W01001122 ",8.1
"","","W01001123 ",10.8
"","","W01001124 ",10.2
"","","W01001125 ",11.2
"","","W01001126 ",10.9
"","","W01001127 ",10.8
"","","W01001128 ",10
"","","W01001129 ",11.6
"","","W01001130 ",13.2
"","","W01001131 ",11
"","","W01001132 ",10.5
"","","W01001133 ",7.9
"","","W01001134 ",7.7
"","","W01001135 ",14.4
"","","W01001136 ",12
"","","W01001910 ",9.9
"","","W01001911 ",10.2
"","Cardiff ","",11.1
"","Cardiff ","W01001694 ",7.6
"","","W01001695 ",7.8
"","","W01001696 ",8.6
"","","W01001697 ",9.8
"","","W01001698 ",9
"","","W01001699 ",6
"","","W01001702 ",9.3
"","","W01001703 ",7.2
"","","W01001704 ",8.1
"","","W01001705 ",9
"","","W01001706 ",7.3
"","","W01001707 ",9.1
"","","W01001708 ",9.6
"","","W01001709 ",16.5
"","","W01001710 ",19.7
"","","W01001711 ",10
"","","W01001712 ",21.1
"","","W01001713 ",19.1
"","","W01001714 ",25.5
"","","W01001715 ",22.2
"","","W01001716 ",18.2
"","","W01001717 ",20.8
"","","W01001718 ",9.3
"","","W01001719 ",10.1
"","","W01001720 ",10.4
"","","W01001721 ",8.5
"","","W01001722 ",10.4
"","","W01001724 ",11
"","","W01001725 ",12.4
"","","W01001726 ",11.8
"","","W01001727 ",22.9
"","","W01001728 ",23.4
"","","W01001729 ",13.3
"","","W01001730 ",11.2
"","","W01001731 ",11.7
"","","W01001732 ",10.9
"","","W01001733 ",12.5
"","","W01001734 ",14.2
"","","W01001735 ",12
"","","W01001736 ",12.3
"","","W01001737 ",8.2
"","","W01001738 ",10.3
"","","W01001739 ",7.2
"","","W01001740 ",9
"","","W01001741 ",9.6
"","","W01001742 ",8.2
"","","W01001743 ",10
"","","W01001744 ",8
"","","W01001745 ",11.1
"","","W01001746 ",6.9
"","","W01001747 ",12.9
"","","W01001748 ",8.8
"","","W01001749 ",8.4
"","","W01001750 ",8
"","","W01001751 ",9.2
"","","W01001752 ",11.2
"","","W01001753 ",10.2
"","","W01001754 ",9.6
"","","W01001755 ",15.3
"","","W01001756 ",7.6
"","","W01001757 ",11.5
"","","W01001758 ",12.1
"","","W01001759 ",10.9
"","","W01001760 ",8.3
"","","W01001761 ",11.9
"","","W01001762 ",9.5
"","","W01001764 ",8.8
"","","W01001765 ",10
"","","W01001766 ",12.9
"","","W01001767 ",11.7
"","","W01001768 ",8.7
"","","W01001769 ",14.3
"","","W01001770 ",11.4
"","","W01001771 ",14.4
"","","W01001772 ",10.9
"","","W01001773 ",10.6
"","","W01001774 ",13.5
"","","W01001775 ",8.7
"","","W01001776 ",10.4
"","","W01001777 ",9.1
"","","W01001778 ",11.9
"","","W01001779 ",15.8
"","","W01001780 ",16.9
"","","W01001781 ",20.3
"","","W01001782 ",15.6
"","","W01001783 ",11
"","","W01001784 ",9.9
"","","W01001785 ",11.2
"","","W01001786 ",14.7
"","","W01001787 ",9
"","","W01001788 ",7
"","","W01001789 ",14.3
"","","W01001790 ",10.2
"","","W01001791 ",12.3
"","","W01001792 ",7.8
"","","W01001793 ",10.3
"","","W01001794 ",12.7
"","","W01001795 ",12.7
"","","W01001796 ",10.9
"","","W01001797 ",10
"","","W01001798 ",11
"","","W01001799 ",13.3
"","","W01001800 ",9.5
"","","W01001802 ",5.5
"","","W01001803 ",6.5
"","","W01001804 ",7.7
"","","W01001805 ",7.9
"","","W01001806 ",10.2
"","","W01001807 ",7.1
"","","W01001808 ",7.2
"","","W01001809 ",9.6
"","","W01001810 ",7.6
"","","W01001811 ",6.7
"","","W01001812 ",6.6
"","","W01001813 ",6.5
"","","W01001814 ",9
"","","W01001815 ",7.6
"","","W01001816 ",9
"","","W01001817 ",7.4
"","","W01001818 ",8.5
"","","W01001819 ",16
"","","W01001820 ",23.4
"","","W01001821 ",9.9
"","","W01001822 ",13.2
"","","W01001823 ",16
"","","W01001824 ",12.8
"","","W01001825 ",11.4
"","","W01001826 ",12
"","","W01001827 ",14.8
"","","W01001828 ",12.3
"","","W01001829 ",8.8
"","","W01001830 ",8.9
"","","W01001831 ",10.5
"","","W01001832 ",7.5
"","","W01001833 ",9.9
"","","W01001834 ",8.6
"","","W01001835 ",7.5
"","","W01001836 ",12.7
"","","W01001837 ",10.7
"","","W01001838 ",12.8
"","","W01001839 ",9.9
"","","W01001840 ",8.8
"","","W01001841 ",11.9
"","","W01001842 ",11.1
"","","W01001843 ",10.7
"","","W01001844 ",9.6
"","","W01001846 ",13.9
"","","W01001847 ",10.7
"","","W01001848 ",14.5
"","","W01001849 ",13.9
"","","W01001850 ",14.5
"","","W01001851 ",12.5
"","","W01001852 ",13.2
"","","W01001853 ",11.7
"","","W01001854 ",9.9
"","","W01001855 ",9.1
"","","W01001856 ",7.7
"","","W01001857 ",7.7
"","","W01001858 ",19.4
"","","W01001859 ",19
"","","W01001860 ",19.7
"","","W01001861 ",22.2
"","","W01001862 ",7
"","","W01001863 ",8.8
"","","W01001864 ",6.8
"","","W01001865 ",10
"","","W01001866 ",6.6
"","","W01001867 ",8.2
"","","W01001868 ",6.3
"","","W01001869 ",10
"","","W01001870 ",9.5
"","","W01001871 ",6.3
"","","W01001872 ",10
"","","W01001873 ",9.5
"","","W01001874 ",8.1
"","","W01001875 ",8.7
"","","W01001876 ",6.7
"","","W01001877 ",7.3
"","","W01001878 ",7.6
"","","W01001879 ",7.9
"","","W01001880 ",9.4
"","","W01001881 ",6.3
"","","W01001882 ",10.5
"","","W01001883 ",8.7
"","","W01001884 ",7.2
"","","W01001885 ",8.4
"","","W01001886 ",5.6
"","","W01001887 ",26
"","","W01001888 ",16
"","","W01001889 ",12
"","","W01001890 ",10.4
"","","W01001891 ",17.6
"","","W01001892 ",14
"","","W01001893 ",11.7
"","","W01001894 ",13.3
"","","W01001895 ",10.8
"","","W01001896 ",17.6
"","","W01001922 ",11.9
"","","W01001939 ",7.1
"","","W01001940 ",10.3
"","","W01001941 ",5.9
"","","W01001942 ",9.8
"","","W01001943 ",11.3
"","","W01001944 ",11.1
"","","W01001945 ",10.6
"","","W01001946 ",7.7
"","","W01001947 ",11
"","","W01001948 ",14.1
"","","W01001949 ",8.1
"","","W01001950 ",11.8
"","","W01001951 ",10.6
"","","W01001952 ",9.3
"","","W01001953 ",9.4
"","","W01001954 ",14.3
"","Rhondda Cynon Taff ","",12.3
"","Rhondda Cynon Taff ","W01001137 ",9
"","","W01001138 ",8.3
"","","W01001139 ",10.2
"","","W01001140 ",10
"","","W01001141 ",10
"","","W01001142 ",8.2
"","","W01001143 ",9.9
"","","W01001144 ",7.2
"","","W01001145 ",8
"","","W01001146 ",11.2
"","","W01001147 ",12.7
"","","W01001148 ",12.2
"","","W01001149 ",10.9
"","","W01001150 ",10.4
"","","W01001151 ",11.9
"","","W01001152 ",14.3
"","","W01001153 ",10.9
"","","W01001154 ",10.8
"","","W01001155 ",10
"","","W01001156 ",13.4
"","","W01001157 ",11.4
"","","W01001158 ",10
"","","W01001159 ",16.9
"","","W01001160 ",11.8
"","","W01001161 ",13.2
"","","W01001162 ",14.5
"","","W01001164 ",11.8
"","","W01001165 ",14.1
"","","W01001166 ",7.3
"","","W01001167 ",10.2
"","","W01001168 ",10.6
"","","W01001169 ",9.6
"","","W01001170 ",12
"","","W01001171 ",11.4
"","","W01001172 ",11.3
"","","W01001173 ",7.1
"","","W01001174 ",7.1
"","","W01001175 ",13
"","","W01001176 ",11.5
"","","W01001177 ",10.9
"","","W01001178 ",9.2
"","","W01001179 ",8.1
"","","W01001180 ",10.2
"","","W01001181 ",13.2
"","","W01001182 ",12
"","","W01001183 ",11.2
"","","W01001184 ",11.6
"","","W01001185 ",12.5
"","","W01001186 ",17.1
"","","W01001187 ",17.9
"","","W01001188 ",12.2
"","","W01001189 ",13.9
"","","W01001190 ",13.6
"","","W01001191 ",16.8
"","","W01001192 ",10.9
"","","W01001193 ",16.7
"","","W01001194 ",18.2
"","","W01001195 ",15
"","","W01001196 ",20.4
"","","W01001197 ",21.2
"","","W01001198 ",13.4
"","","W01001199 ",14.6
"","","W01001200 ",9.4
"","","W01001201 ",8.9
"","","W01001202 ",10.1
"","","W01001203 ",9.3
"","","W01001204 ",10.9
"","","W01001205 ",10.6
"","","W01001206 ",8.3
"","","W01001207 ",11.8
"","","W01001208 ",10.5
"","","W01001209 ",8.6
"","","W01001210 ",8.9
"","","W01001211 ",9.1
"","","W01001212 ",8.7
"","","W01001213 ",13.1
"","","W01001214 ",14.4
"","","W01001215 ",9.4
"","","W01001216 ",11.1
"","","W01001217 ",8.8
"","","W01001218 ",11
"","","W01001219 ",7.3
"","","W01001220 ",9.9
"","","W01001221 ",11.2
"","","W01001222 ",9.8
"","","W01001223 ",12.2
"","","W01001224 ",20
"","","W01001225 ",15.6
"","","W01001226 ",14.4
"","","W01001227 ",20.4
"","","W01001228 ",17.2
"","","W01001229 ",15.5
"","","W01001230 ",14.2
"","","W01001231 ",12.5
"","","W01001232 ",11.1
"","","W01001233 ",16.6
"","","W01001234 ",14
"","","W01001235 ",11.4
"","","W01001236 ",17
"","","W01001237 ",7.8
"","","W01001238 ",14
"","","W01001239 ",12.7
"","","W01001240 ",13.1
"","","W01001241 ",17.1
"","","W01001242 ",15
"","","W01001243 ",12.3
"","","W01001244 ",13.2
"","","W01001245 ",16.2
"","","W01001246 ",13.9
"","","W01001247 ",10
"","","W01001248 ",9.6
"","","W01001249 ",11.2
"","","W01001250 ",12.1
"","","W01001251 ",11.3
"","","W01001252 ",10.5
"","","W01001253 ",7.4
"","","W01001255 ",10.8
"","","W01001256 ",14
"","","W01001257 ",13.4
"","","W01001258 ",11.8
"","","W01001259 ",8.9
"","","W01001260 ",8.8
"","","W01001261 ",8.1
"","","W01001262 ",10.1
"","","W01001263 ",9.3
"","","W01001264 ",10
"","","W01001265 ",17.8
"","","W01001266 ",13
"","","W01001267 ",15.1
"","","W01001268 ",16.1
"","","W01001269 ",14.5
"","","W01001270 ",15.3
"","","W01001271 ",12.6
"","","W01001272 ",14.4
"","","W01001273 ",15.9
"","","W01001274 ",11
"","","W01001275 ",11.1
"","","W01001276 ",8.1
"","","W01001277 ",11.5
"","","W01001278 ",13.1
"","","W01001279 ",12
"","","W01001280 ",9.4
"","","W01001281 ",13.2
"","","W01001282 ",12.6
"","","W01001283 ",14.8
"","","W01001284 ",19.7
"","","W01001285 ",11.8
"","","W01001286 ",12.3
"","","W01001287 ",13.8
"","","W01001288 ",11
"","","W01001914 ",14.5
"","","W01001915 ",21.3
"","","W01001916 ",22.7
"","","W01001917 ",8
"","Merthyr Tydfil ","",8.9
"","Merthyr Tydfil ","W01001289 ",10.1
"","","W01001290 ",9.3
"","","W01001291 ",13.6
"","","W01001292 ",8.6
"","","W01001293 ",9.6
"","","W01001294 ",10.6
"","","W01001295 ",6.6
"","","W01001296 ",7.9
"","","W01001297 ",8.5
"","","W01001298 ",6.6
"","","W01001299 ",5.4
"","","W01001300 ",5.4
"","","W01001301 ",7.2
"","","W01001302 ",8.6
"","","W01001303 ",9.1
"","","W01001304 ",12
"","","W01001305 ",8.8
"","","W01001306 ",7.9
"","","W01001307 ",7.2
"","","W01001308 ",5.7
"","","W01001309 ",6.4
"","","W01001310 ",7.9
"","","W01001311 ",7.4
"","","W01001312 ",7.9
"","","W01001313 ",9.5
"","","W01001314 ",9.5
"","","W01001315 ",8.7
"","","W01001316 ",10.3
"","","W01001317 ",8.6
"","","W01001318 ",6.2
"","","W01001319 ",13.8
"","","W01001320 ",10
"","","W01001321 ",11.8
"","","W01001322 ",11.1
"","","W01001324 ",10.7
"","","W01001898 ",7.8
"","Caerphilly ","",11.2
"","Caerphilly ","W01001325 ",10.7
"","","W01001326 ",10.4
"","","W01001327 ",11.5
"","","W01001328 ",12
"","","W01001329 ",11.6
"","","W01001330 ",15.4
"","","W01001331 ",16.1
"","","W01001332 ",15.8
"","","W01001333 ",15.9
"","","W01001334 ",10.5
"","","W01001335 ",11.5
"","","W01001336 ",9.3
"","","W01001337 ",11.1
"","","W01001338 ",9.3
"","","W01001339 ",9.8
"","","W01001340 ",12.5
"","","W01001341 ",11
"","","W01001342 ",10.8
"","","W01001343 ",13.7
"","","W01001344 ",9.7
"","","W01001345 ",11.1
"","","W01001346 ",11.6
"","","W01001347 ",10.3
"","","W01001348 ",9.4
"","","W01001349 ",14
"","","W01001350 ",8.8
"","","W01001351 ",9.7
"","","W01001352 ",9.6
"","","W01001353 ",8.6
"","","W01001354 ",10.2
"","","W01001355 ",7.9
"","","W01001356 ",11.8
"","","W01001357 ",10
"","","W01001358 ",9.4
"","","W01001359 ",10
"","","W01001360 ",10.7
"","","W01001361 ",9.9
"","","W01001362 ",9.5
"","","W01001363 ",8.6
"","","W01001364 ",9.1
"","","W01001365 ",14
"","","W01001366 ",11.6
"","","W01001367 ",11.7
"","","W01001368 ",13.4
"","","W01001369 ",10.3
"","","W01001370 ",12.7
"","","W01001371 ",11.4
"","","W01001372 ",14.5
"","","W01001373 ",14.8
"","","W01001374 ",8.5
"","","W01001375 ",13.7
"","","W01001376 ",9.6
"","","W01001377 ",12.8
"","","W01001378 ",11.3
"","","W01001379 ",12.7
"","","W01001380 ",10.2
"","","W01001381 ",7.5
"","","W01001382 ",9.1
"","","W01001383 ",8.4
"","","W01001384 ",6.6
"","","W01001385 ",7
"","","W01001386 ",8.3
"","","W01001387 ",13.4
"","","W01001388 ",12.2
"","","W01001389 ",12.7
"","","W01001390 ",11
"","","W01001391 ",9.7
"","","W01001392 ",9.6
"","","W01001393 ",12.1
"","","W01001394 ",11.3
"","","W01001395 ",12.1
"","","W01001396 ",13.6
"","","W01001397 ",15.4
"","","W01001398 ",15.2
"","","W01001399 ",11.6
"","","W01001400 ",12
"","","W01001401 ",9.5
"","","W01001402 ",7.8
"","","W01001403 ",11.1
"","","W01001404 ",11
"","","W01001405 ",11.3
"","","W01001406 ",7.8
"","","W01001407 ",8.7
"","","W01001408 ",11.9
"","","W01001409 ",10.3
"","","W01001410 ",10.8
"","","W01001411 ",9.4
"","","W01001412 ",7.9
"","","W01001413 ",9.7
"","","W01001414 ",11.7
"","","W01001415 ",12.1
"","","W01001416 ",10
"","","W01001417 ",15
"","","W01001418 ",11
"","","W01001419 ",11.5
"","","W01001420 ",13.6
"","","W01001421 ",9.4
"","","W01001422 ",8.7
"","","W01001423 ",11.6
"","","W01001424 ",14.5
"","","W01001425 ",13.5
"","","W01001426 ",14.1
"","","W01001427 ",15
"","","W01001428 ",9.4
"","","W01001429 ",12.4
"","","W01001430 ",9.7
"","","W01001431 ",10.9
"","","W01001432 ",13.1
"","","W01001433 ",11.8
"","","W01001434 ",14.7
"","Blaenau Gwent ","",7.8
"","Blaenau Gwent ","W01001435 ",7.6
"","","W01001436 ",6.7
"","","W01001437 ",6.7
"","","W01001438 ",7.6
"","","W01001439 ",8.1
"","","W01001440 ",8.5
"","","W01001441 ",7.8
"","","W01001442 ",7.9
"","","W01001443 ",6.7
"","","W01001444 ",9.1
"","","W01001445 ",10.3
"","","W01001446 ",8.9
"","","W01001447 ",8.8
"","","W01001448 ",7.5
"","","W01001449 ",6.8
"","","W01001450 ",6.5
"","","W01001451 ",8.8
"","","W01001452 ",9.3
"","","W01001453 ",7.8
"","","W01001454 ",6.4
"","","W01001455 ",7.8
"","","W01001456 ",6.1
"","","W01001457 ",6.3
"","","W01001458 ",6.9
"","","W01001459 ",8.9
"","","W01001460 ",9.9
"","","W01001461 ",6.3
"","","W01001462 ",8.1
"","","W01001463 ",8.4
"","","W01001464 ",5.9
"","","W01001465 ",8.4
"","","W01001466 ",6.9
"","","W01001467 ",8.4
"","","W01001468 ",8
"","","W01001469 ",8.7
"","","W01001470 ",8
"","","W01001471 ",6.7
"","","W01001472 ",9.7
"","","W01001473 ",8.3
"","","W01001474 ",8.5
"","","W01001475 ",7.9
"","","W01001476 ",7.5
"","","W01001477 ",6.8
"","","W01001478 ",8.8
"","","W01001479 ",8
"","","W01001480 ",8.4
"","","W01001481 ",6.8
"","Torfaen ","",9.8
"","Torfaen ","W01001482 ",11.9
"","","W01001483 ",13.2
"","","W01001484 ",10.4
"","","W01001485 ",12.8
"","","W01001486 ",9.5
"","","W01001487 ",12.1
"","","W01001488 ",9.5
"","","W01001489 ",8.5
"","","W01001490 ",9.9
"","","W01001491 ",8.1
"","","W01001492 ",10.5
"","","W01001493 ",9.1
"","","W01001494 ",12.2
"","","W01001495 ",11.5
"","","W01001496 ",9
"","","W01001497 ",9.1
"","","W01001498 ",9.6
"","","W01001499 ",9.1
"","","W01001500 ",9.3
"","","W01001501 ",10
"","","W01001502 ",12.7
"","","W01001503 ",10.9
"","","W01001504 ",8.7
"","","W01001505 ",8
"","","W01001506 ",8.1
"","","W01001507 ",11.2
"","","W01001508 ",8.5
"","","W01001509 ",10.2
"","","W01001510 ",10
"","","W01001511 ",7.9
"","","W01001512 ",7.1
"","","W01001513 ",9.2
"","","W01001514 ",8.3
"","","W01001515 ",10.9
"","","W01001516 ",7.2
"","","W01001517 ",9.3
"","","W01001518 ",7.4
"","","W01001519 ",9
"","","W01001520 ",11.4
"","","W01001521 ",12.3
"","","W01001522 ",10.4
"","","W01001523 ",9.6
"","","W01001524 ",7.5
"","","W01001525 ",8.6
"","","W01001526 ",10.6
"","","W01001527 ",6.4
"","","W01001528 ",10.4
"","","W01001529 ",9.6
"","","W01001530 ",10.9
"","","W01001531 ",8.2
"","","W01001532 ",12.8
"","","W01001533 ",12.8
"","","W01001534 ",10.3
"","","W01001535 ",8.9
"","","W01001536 ",12.2
"","","W01001537 ",8
"","","W01001538 ",10.8
"","","W01001539 ",10.2
"","","W01001540 ",8.8
"","","W01001541 ",9.3
"","Monmouthshire ","",9.9
"","Monmouthshire ","W01001542 ",8.7
"","","W01001543 ",12.6
"","","W01001545 ",8.6
"","","W01001546 ",10.4
"","","W01001548 ",10.5
"","","W01001549 ",9.6
"","","W01001551 ",11.7
"","","W01001552 ",8.5
"","","W01001553 ",11.8
"","","W01001554 ",5.3
"","","W01001555 ",11.9
"","","W01001556 ",11.3
"","","W01001557 ",10.4
"","","W01001558 ",8.4
"","","W01001559 ",7.9
"","","W01001560 ",10.5
"","","W01001561 ",7.9
"","","W01001562 ",10.9
"","","W01001563 ",7.4
"","","W01001564 ",10.8
"","","W01001565 ",9
"","","W01001566 ",7.8
"","","W01001567 ",7.6
"","","W01001568 ",9.5
"","","W01001569 ",8.3
"","","W01001571 ",11.3
"","","W01001572 ",11.3
"","","W01001573 ",11.4
"","","W01001574 ",11
"","","W01001575 ",8.8
"","","W01001576 ",9
"","","W01001577 ",8
"","","W01001578 ",10.6
"","","W01001579 ",10.3
"","","W01001580 ",10.5
"","","W01001581 ",11.1
"","","W01001582 ",15.6
"","","W01001583 ",8.5
"","","W01001584 ",11.7
"","","W01001585 ",7.2
"","","W01001586 ",8.4
"","","W01001587 ",6.8
"","","W01001588 ",11.1
"","","W01001589 ",9.9
"","","W01001590 ",8
"","","W01001591 ",14.2
"","","W01001592 ",11.8
"","","W01001593 ",10.5
"","","W01001594 ",10.8
"","","W01001595 ",8.5
"","","W01001596 ",9
"","","W01001597 ",10.5
"","","W01001598 ",10.3
"","","W01001599 ",10
"","","W01001908 ",8.9
"","","W01001909 ",9.6
"","Newport ","",9.3
"","Newport ","W01001600 ",8.8
"","","W01001601 ",12
"","","W01001602 ",9.9
"","","W01001603 ",9.4
"","","W01001604 ",9.3
"","","W01001605 ",9.3
"","","W01001606 ",11.4
"","","W01001607 ",9.9
"","","W01001608 ",10.5
"","","W01001609 ",10.9
"","","W01001610 ",9.5
"","","W01001611 ",10
"","","W01001612 ",9.7
"","","W01001613 ",10
"","","W01001614 ",8.7
"","","W01001615 ",13
"","","W01001616 ",8.5
"","","W01001617 ",6.7
"","","W01001618 ",7.3
"","","W01001619 ",8.6
"","","W01001620 ",8.8
"","","W01001621 ",7.7
"","","W01001622 ",8.6
"","","W01001623 ",8.8
"","","W01001624 ",13.4
"","","W01001625 ",8.7
"","","W01001626 ",8.7
"","","W01001627 ",11.2
"","","W01001628 ",8
"","","W01001629 ",7
"","","W01001630 ",6.6
"","","W01001631 ",8.1
"","","W01001632 ",7.2
"","","W01001633 ",11
"","","W01001634 ",8.8
"","","W01001635 ",10.4
"","","W01001636 ",11.7
"","","W01001637 ",11.8
"","","W01001638 ",10.9
"","","W01001639 ",11.5
"","","W01001640 ",6.9
"","","W01001641 ",10.6
"","","W01001642 ",9.1
"","","W01001643 ",10.4
"","","W01001644 ",9
"","","W01001645 ",9.5
"","","W01001646 ",7.6
"","","W01001647 ",7
"","","W01001648 ",9.9
"","","W01001649 ",9
"","","W01001650 ",13.3
"","","W01001651 ",9.2
"","","W01001652 ",8.1
"","","W01001653 ",8.8
"","","W01001654 ",8.5
"","","W01001655 ",7.9
"","","W01001657 ",9.7
"","","W01001658 ",9.4
"","","W01001659 ",9.9
"","","W01001660 ",7.2
"","","W01001661 ",9.1
"","","W01001662 ",7.1
"","","W01001663 ",7.9
"","","W01001664 ",6.2
"","","W01001665 ",10.2
"","","W01001666 ",8.2
"","","W01001667 ",8
"","","W01001668 ",8
"","","W01001669 ",9.8
"","","W01001670 ",10.7
"","","W01001671 ",9
"","","W01001672 ",11.1
"","","W01001673 ",8
"","","W01001674 ",9.2
"","","W01001675 ",12.1
"","","W01001676 ",9
"","","W01001677 ",8.9
"","","W01001678 ",9.7
"","","W01001679 ",10.5
"","","W01001680 ",11
"","","W01001681 ",7.8
"","","W01001682 ",7
"","","W01001683 ",9.9
"","","W01001684 ",9.6
"","","W01001685 ",9.7
"","","W01001686 ",10.5
"","","W01001687 ",5.1
"","","W01001688 ",12.4
"","","W01001689 ",9.7
"","","W01001690 ",7.2
"","","W01001691 ",9.4
"","","W01001692 ",9.3
"","","W01001693 ",7.2
"","","W01001912 ",8.4
"","","W01001913 ",9.2


